opportunity_id,lead_id,created_date_key,close_date_key,revenue_date_key,channel_id,campaign_id,region_id,company_size,plan,sites,status,is_won,expected_value,won_value,sales_cycle_days,value_imputed
1,2,20251105,20251129,20251129,2,4,7,10-49,Pro,1,Lost,0,1451.59,0.0,24,0
2,5,20251105,20251110,20251110,3,8,1,1-9,Starter,1,Lost,0,592.22,0.0,5,0
3,7,20251111,20251125,20251125,4,10,1,1-9,Starter,1,Won,1,618.92,605.18,14,0
4,11,20251104,20251123,20251123,7,20,4,10-49,Pro,1,Won,1,1460.98,1323.92,19,0
5,16,20251112,20251204,20251204,4,10,5,10-49,Pro,1,Won,1,1389.53,1325.68,22,0
6,17,20251110,20251205,20251205,4,10,3,1-9,Starter,1,Lost,0,571.84,0.0,25,0
7,22,20251105,20251125,20251125,1,1,4,10-49,Pro,1,Won,1,1374.75,1393.12,20,0
8,35,20251110,20251128,20251128,4,10,2,1-9,Starter,1,Lost,0,583.8,0.0,18,0
9,36,20251107,20251117,20251117,4,11,1,1-9,Starter,1,Won,1,624.88,621.03,10,0
10,38,20251113,20251123,20251123,5,13,3,1-9,Starter,1,Lost,0,571.35,0.0,10,0
11,39,20251111,20251119,20251119,2,4,8,10-49,Pro,1,Lost,0,1422.45,0.0,8,0
12,55,20251109,20251123,20251123,6,16,1,1-9,Starter,1,Won,1,596.93,597.5,14,0
13,57,20251109,20251125,20251125,7,20,1,10-49,Starter,1,Lost,0,609.74,0.0,16,0
14,64,20251107,20251208,20251208,4,10,3,50+,Group,3,Lost,0,10847.95,0.0,31,0
15,66,20251114,20251128,20251128,4,10,5,1-9,Pro,1,Won,1,1475.56,1359.5,14,0
16,67,20251109,20260108,20260108,4,11,7,10-49,Pro,1,Won,1,1568.79,1497.83,60,0
17,90,20251110,20251212,20251212,5,13,3,10-49,Starter,1,Won,1,553.4,523.57,32,0
18,92,20251108,20251123,20251123,5,13,2,1-9,Starter,1,Lost,0,558.31,0.0,15,0
19,103,20251110,20251125,20251125,5,13,1,10-49,Pro,1,Lost,0,1462.12,0.0,15,0
20,106,20251115,20251212,20251212,7,20,8,1-9,Starter,1,Lost,0,576.49,0.0,27,0
21,108,20251111,20251212,20251212,3,7,6,10-49,Pro,1,Won,1,1474.78,1374.53,31,0
22,113,20251110,20251127,20251127,6,16,7,1-9,Starter,1,Lost,0,640.93,0.0,17,0
23,133,20251113,20251209,20251209,7,19,2,10-49,Pro,1,Won,1,1305.64,1202.99,26,0
24,135,20251112,20251202,20251202,7,20,5,10-49,Pro,1,Won,1,1523.03,1518.91,20,0
25,150,20251112,20251217,20251217,4,11,2,1-9,Starter,1,Lost,0,536.51,0.0,35,0
26,161,20251118,20251125,20251125,5,13,1,1-9,Starter,1,Lost,0,607.51,0.0,7,0
27,163,20251120,20251212,20251212,6,16,6,1-9,Starter,1,Lost,0,609.63,0.0,22,0
28,166,20251120,20251205,20251205,7,19,4,10-49,Group,5,Won,1,18491.59,18782.58,15,0
29,167,20251120,20251202,20251202,7,19,5,1-9,Pro,1,Lost,0,1458.62,0.0,12,0
30,175,20251118,20251129,20251129,4,10,2,10-49,Starter,1,Lost,0,635.19,0.0,11,0
31,179,20251121,20251202,20251202,4,11,3,1-9,Starter,1,Won,1,570.56,556.97,11,0
32,182,20251117,20251218,20251218,5,13,1,10-49,Pro,1,Won,1,1351.39,1278.42,31,0
33,186,20251122,20251214,20251214,7,19,3,1-9,Pro,1,Lost,0,1518.49,0.0,22,0
34,188,20251114,20251202,20251202,7,20,2,1-9,Starter,1,Won,1,622.11,558.12,18,0
35,190,20251120,20251216,20251216,1,2,5,10-49,Pro,1,Lost,0,1381.71,0.0,26,0
36,192,20251115,20260209,20260209,2,4,1,50+,Pro,1,Won,1,1490.54,1341.7,86,0
37,197,20251116,20251218,20251218,4,10,7,1-9,Starter,1,Lost,0,560.25,0.0,32,0
38,200,20251123,20260105,20260105,5,13,3,10-49,Pro,1,Lost,0,1309.88,0.0,43,0
39,201,20251121,20251214,20251214,5,14,8,10-49,Starter,1,Lost,0,636.72,0.0,23,0
40,202,20251123,20251208,20251208,6,16,6,10-49,Pro,1,Won,1,1376.57,1399.35,15,0
41,205,20251120,20251124,20251124,7,19,4,1-9,Starter,1,Lost,0,625.78,0.0,4,0
42,207,20251119,20251201,20251201,2,4,1,10-49,Starter,1,Lost,0,564.58,0.0,12,0
43,218,20251120,20251201,20251201,4,10,2,10-49,Starter,1,Won,1,534.1,516.71,11,0
44,224,20251120,20251128,20251128,4,11,2,1-9,Starter,1,Lost,0,631.16,0.0,8,0
45,230,20251116,20251201,20251201,6,16,4,1-9,Starter,1,Won,1,645.15,569.77,15,0
46,235,20251119,20251201,20251201,2,4,4,1-9,Pro,1,Won,1,1353.46,1160.83,12,0
47,242,20251121,20251212,20251212,4,10,6,10-49,Pro,1,Lost,0,1376.55,0.0,21,0
48,245,20251121,20251201,20251201,4,11,1,1-9,Pro,1,Lost,0,1530.97,0.0,10,0
49,248,20251123,20251215,20251215,5,14,1,1-9,Starter,1,Won,1,554.09,558.27,22,0
50,249,20251124,20251220,20251220,6,16,6,1-9,Starter,1,Lost,0,581.17,0.0,26,0
51,250,20251124,20251210,20251210,7,19,2,10-49,Pro,1,Lost,0,1570.14,0.0,16,0
52,253,20251125,20251230,20251230,2,4,2,10-49,Pro,1,Won,1,1503.3,1470.92,35,0
53,260,20251118,20251126,20251126,5,14,3,1-9,Pro,1,Won,1,1554.31,1442.2,8,0
54,261,20251125,20251219,20251219,5,14,7,10-49,Starter,1,Won,1,624.53,574.56,24,0
55,272,20251125,20260116,20260116,4,11,5,50+,Group,3,Lost,0,10390.2,0.0,52,0
56,276,20251121,20251204,20251204,5,13,8,1-9,Starter,1,Lost,0,550.25,0.0,13,0
57,278,20251122,20251127,20251127,5,14,5,1-9,Pro,1,Lost,0,1525.4,0.0,5,0
58,284,20251122,20251210,20251210,7,20,5,1-9,Starter,1,Lost,0,635.09,0.0,18,0
59,290,20251123,20251216,20251216,1,3,2,1-9,Pro,1,Lost,0,1514.11,0.0,23,0
60,294,20251128,20251224,20251224,4,10,4,10-49,Group,4,Won,1,13915.69,11859.53,26,0
61,299,20251120,20260327,20260327,4,10,4,50+,Pro,1,Lost,0,1378.01,0.0,127,0
62,304,20251124,20251219,20251219,5,14,1,1-9,Starter,1,Lost,0,627.97,0.0,25,0
63,305,20251127,20251218,20251218,6,16,1,1-9,Starter,1,Won,1,620.5,536.0,21,0
64,306,20251122,20260109,20260109,7,19,7,10-49,Pro,1,Lost,0,1446.87,0.0,48,0
65,316,20251124,20251201,20251201,4,10,1,10-49,Pro,1,Lost,0,1551.61,0.0,7,0
66,318,20251129,20251204,20251204,4,10,5,1-9,Starter,1,Lost,0,544.3,0.0,5,0
67,325,20251126,20260103,20260103,5,14,1,1-9,Starter,1,Won,1,561.95,480.24,38,0
68,328,20251125,20251210,20251210,7,19,8,10-49,Pro,1,Lost,0,1537.6,0.0,15,0
69,329,20251125,20251210,20251210,7,20,4,1-9,Starter,1,Lost,0,550.09,0.0,15,0
70,330,20251123,20251208,20251208,1,1,1,1-9,Pro,1,Lost,0,1471.92,0.0,15,0
71,331,20251126,20251206,20251206,1,2,2,10-49,Pro,1,Lost,0,1426.03,0.0,10,0
72,340,20251127,20251206,20251206,4,10,5,1-9,Starter,1,Lost,0,633.62,0.0,9,0
73,345,20251127,20260102,20260102,5,13,3,10-49,Pro,1,Lost,0,1427.51,0.0,36,0
74,349,20251124,20251206,20251206,7,20,6,1-9,Starter,1,Lost,0,550.35,0.0,12,0
75,353,20251201,20251211,20251211,2,4,7,1-9,Starter,1,Lost,0,544.96,0.0,10,0
76,373,20251202,20251210,20251210,1,2,6,10-49,Pro,1,Won,1,1315.59,1149.78,8,0
77,384,20251128,20251224,20251224,5,13,2,1-9,Starter,1,Lost,0,586.69,0.0,26,0
78,385,20251124,20251212,20251212,5,14,6,1-9,Starter,1,Lost,0,530.51,0.0,18,0
79,399,20251130,20251214,20251214,5,13,8,10-49,Starter,1,Won,1,566.94,502.59,14,0
80,400,20251128,20260317,20260317,5,13,5,50+,Group,3,Lost,0,10504.32,0.0,109,0
81,401,20251203,20260106,20260106,5,13,5,10-49,Pro,1,Lost,0,1383.62,0.0,34,0
82,403,20251202,20251208,20251208,6,16,4,1-9,Starter,1,Lost,0,566.11,0.0,6,0
83,404,20251125,20251215,20251215,6,16,4,1-9,Pro,1,Lost,0,1332.18,0.0,20,0
84,405,20251125,20251223,20251223,7,19,2,50+,Group,3,Lost,0,10658.67,0.0,28,0
85,415,20251129,20251214,20251214,4,11,3,1-9,Starter,1,Lost,0,641.78,0.0,15,0
86,417,20251127,20251219,20251219,5,13,6,1-9,Starter,1,Lost,0,583.28,0.0,22,0
87,418,20251127,20251211,20251211,5,13,2,50+,Group,3,Lost,0,10061.16,0.0,14,0
88,420,20251202,20251229,20251229,5,13,3,1-9,Starter,1,Lost,0,628.28,0.0,27,0
89,424,20251128,20251213,20251213,7,20,6,1-9,Pro,1,Won,1,1447.9,1296.9,15,0
90,429,20251127,20251228,20251228,4,10,3,1-9,Pro,1,Lost,0,1356.38,0.0,31,0
91,433,20251128,20260109,20260109,5,13,1,50+,Group,4,Lost,0,14758.02,0.0,42,0
92,453,20251129,20251213,20251213,6,16,4,1-9,Starter,1,Won,1,572.61,554.05,14,0
93,457,20251206,20251215,20251215,1,2,7,1-9,Starter,1,Lost,0,561.4,0.0,9,0
94,458,20251205,20251216,20251216,1,3,7,1-9,Starter,1,Lost,0,602.84,0.0,11,0
95,459,20251129,20251208,20251208,2,4,6,10-49,Pro,1,Lost,0,1360.42,0.0,9,0
96,466,20251207,20251223,20251223,4,10,2,50+,Group,5,Won,1,19045.15,16940.62,16,0
97,469,20251129,20251214,20251214,5,13,2,1-9,Starter,1,Lost,0,584.64,0.0,15,0
98,470,20251201,20251223,20251223,7,19,1,1-9,Starter,1,Lost,0,591.97,0.0,22,0
99,486,20251202,20251208,20251208,7,19,7,1-9,Starter,1,Won,1,554.26,505.97,6,0
100,487,20251201,20260111,20260111,7,20,4,10-49,Pro,1,Won,1,1381.28,1245.19,41,0
101,496,20251202,20251229,20251229,6,16,1,10-49,Pro,1,Lost,0,1553.58,0.0,27,0
102,499,20251203,20251230,20251230,7,20,1,10-49,Pro,1,Lost,0,1314.51,0.0,27,0
103,512,20251203,20251219,20251219,4,11,1,1-9,Starter,1,Lost,0,549.79,0.0,16,0
104,513,20251205,20251221,20251221,5,13,1,10-49,Starter,1,Lost,0,543.09,0.0,16,0
105,515,20251210,20251231,20251231,7,19,5,10-49,Pro,1,Lost,0,1430.42,0.0,21,0
106,527,20251210,20260117,20260117,4,11,3,1-9,Starter,1,Lost,0,622.16,0.0,38,0
107,534,20251210,20260209,20260209,6,16,4,50+,Group,4,Lost,0,13665.56,0.0,61,0
108,535,20251210,20251231,20251231,6,16,2,50+,Group,3,Lost,0,10596.69,0.0,21,0
109,538,20251206,20251224,20251224,7,19,3,10-49,Pro,1,Lost,0,1480.85,0.0,18,0
110,539,20251208,20251216,20251216,7,19,3,1-9,Starter,1,Lost,0,590.34,0.0,8,0
111,547,20251206,20251217,20251217,5,14,4,1-9,Starter,1,Lost,0,604.59,0.0,11,0
112,548,20251210,20260204,20260204,6,16,2,50+,Group,3,Lost,0,11218.44,0.0,56,0
113,551,20251206,20260103,20260103,6,17,7,10-49,Pro,1,Lost,0,1467.79,0.0,28,0
114,552,20251206,20251211,20251211,6,17,6,1-9,Starter,1,Lost,0,578.59,0.0,5,0
115,553,20251211,20251228,20251228,6,17,3,10-49,Pro,1,Won,1,1340.86,1208.75,17,0
116,558,20251207,20260122,20260122,2,4,2,10-49,Pro,1,Lost,0,1348.75,0.0,46,0
117,578,20251212,20251226,20251226,6,16,5,1-9,Starter,1,Lost,0,561.42,0.0,14,0
118,579,20251208,20260112,20260112,7,19,4,10-49,Starter,1,Won,1,605.2,550.27,35,0
119,583,20251206,20251222,20251222,1,3,7,10-49,Starter,1,Lost,0,634.69,0.0,16,0
120,598,20251207,20251218,20251218,5,13,3,1-9,Starter,1,Lost,0,549.55,0.0,11,0
121,599,20251212,20251231,20251231,5,13,2,10-49,Pro,1,Lost,0,1420.37,0.0,19,0
122,602,20251212,20260105,20260105,7,19,6,1-9,Starter,1,Won,1,595.93,550.33,24,0
123,605,20251210,20251226,20251226,2,4,2,1-9,Pro,1,Lost,0,1422.73,0.0,16,0
124,609,20251210,20251222,20251222,4,10,7,10-49,Starter,1,Lost,0,542.21,0.0,12,0
125,622,20251210,20251216,20251216,1,3,2,1-9,Starter,1,Lost,0,643.46,0.0,6,0
126,629,20251211,20260121,20260121,4,10,1,50+,Group,5,Lost,0,17751.55,0.0,41,0
127,630,20251211,20260106,20260106,4,10,1,10-49,Pro,1,Lost,0,1410.75,0.0,26,0
128,631,20251211,20260122,20260122,4,10,8,10-49,Group,5,Lost,0,16234.92,0.0,42,0
129,634,20251211,20251229,20251229,4,11,4,50+,Group,2,Lost,0,7644.47,0.0,18,0
130,636,20251216,20260101,20260101,5,13,8,10-49,Starter,1,Lost,0,559.89,0.0,16,0
131,639,20251216,20260107,20260107,5,13,8,10-49,Group,3,Won,1,10478.97,10081.33,22,0
132,643,20251211,20260104,20260104,7,19,2,1-9,Starter,1,Won,1,605.47,542.83,24,0
133,644,20251216,20260111,20260111,7,19,7,1-9,Starter,1,Won,1,533.55,453.53,26,0
134,647,20251210,20260112,20260112,7,20,2,10-49,Pro,1,Won,1,1334.46,1218.92,33,0
135,648,20251216,20260104,20260104,1,1,1,10-49,Pro,1,Lost,0,1292.91,0.0,19,0
136,649,20251209,20251216,20251216,1,1,5,1-9,Starter,1,Won,1,552.31,485.83,7,0
137,656,20251211,20260106,20260106,6,17,4,1-9,Starter,1,Won,1,629.7,635.48,26,0
138,657,20251212,20251218,20251218,7,19,1,1-9,Starter,1,Lost,0,610.27,0.0,6,0
139,658,20251216,20260123,20260123,7,19,2,50+,Group,4,Lost,0,12992.76,0.0,38,0
140,659,20251210,20251231,20251231,7,19,2,10-49,Pro,1,Lost,0,1359.76,0.0,21,0
141,660,20251218,20260105,20260105,1,1,2,1-9,Starter,1,Lost,0,621.97,0.0,18,0
142,667,20251217,20251231,20251231,3,8,2,1-9,Starter,1,Lost,0,589.65,0.0,14,0
143,675,20251211,20260103,20260103,5,13,2,10-49,Pro,1,Won,1,1402.22,1254.66,23,0
144,678,20251211,20251226,20251226,5,14,3,50+,Group,2,Lost,0,6553.24,0.0,15,0
145,679,20251210,20260120,20260120,7,19,7,1-9,Pro,1,Won,1,1436.58,1309.56,41,0
146,680,20251215,20251230,20251230,7,19,1,1-9,Pro,1,Lost,0,1430.87,0.0,15,0
147,683,20251210,20260107,20260107,7,20,7,10-49,Group,3,Lost,0,9803.14,0.0,28,0
148,684,20251217,20251221,20251221,7,20,3,1-9,Pro,1,Lost,0,1564.27,0.0,4,0
149,685,20251215,20260309,20260309,1,1,7,50+,Group,5,Lost,0,18118.44,0.0,84,0
150,707,20251214,20260109,20260109,7,20,1,10-49,Group,3,Lost,0,11004.41,0.0,26,0
151,724,20251216,20260110,20260110,7,20,3,10-49,Pro,1,Lost,0,1570.02,0.0,25,0
152,725,20251217,20260101,20260101,7,20,2,1-9,Starter,1,Lost,0,558.5,0.0,15,0
153,738,20251220,20260116,20260116,7,19,3,10-49,Pro,1,Lost,0,1354.21,0.0,27,0
154,739,20251217,20251231,20251231,7,20,3,1-9,Starter,1,Won,1,537.12,490.67,14,0
155,740,20251213,20251223,20251223,7,20,8,1-9,Starter,1,Won,1,610.25,612.22,10,0
156,744,20251221,20260110,20260110,3,8,6,50+,Group,5,Lost,0,17814.65,0.0,20,0
157,746,20251216,20251230,20251230,4,10,3,1-9,Starter,1,Lost,0,563.35,0.0,14,0
158,747,20251217,20260127,20260127,5,13,2,50+,Pro,1,Lost,0,1531.77,0.0,41,0
159,753,20251217,20251230,20251230,7,19,5,1-9,Starter,1,Won,1,632.6,644.09,13,0
160,755,20251223,20260102,20260102,1,1,6,10-49,Pro,1,Lost,0,1515.23,0.0,10,0
161,761,20251221,20260109,20260109,5,13,7,1-9,Starter,1,Lost,0,581.33,0.0,19,0
162,765,20251215,20251225,20251225,6,17,8,1-9,Starter,1,Lost,0,595.31,0.0,10,0
163,766,20251220,20260122,20260122,7,19,1,10-49,Pro,1,Lost,0,1543.18,0.0,33,0
164,768,20251223,20260314,20260314,7,20,6,50+,Group,2,Won,1,6821.05,6115.85,81,0
165,770,20251215,20260115,20260115,7,20,2,1-9,Starter,1,Won,1,532.65,488.14,31,0
166,778,20251223,20260118,20260118,4,10,7,10-49,Pro,1,Won,1,1399.36,1324.16,26,0
167,782,20251224,20260113,20260113,5,14,1,1-9,Starter,1,Lost,0,574.54,0.0,20,0
168,786,20251221,20260108,20260108,6,16,1,1-9,Starter,1,Won,1,549.39,536.79,18,0
169,799,20251219,20260116,20260116,4,10,4,50+,Group,2,Lost,0,6829.95,0.0,28,0
170,801,20251222,20260107,20260107,4,10,5,10-49,Starter,1,Won,1,533.78,462.4,16,0
171,804,20251224,20260117,20260117,5,14,8,10-49,Pro,1,Won,1,1301.84,1307.4,24,0
172,806,20251221,20260107,20260107,6,16,7,10-49,Pro,1,Lost,0,1336.4,0.0,17,0
173,813,20251222,20260111,20260111,1,3,8,1-9,Starter,1,Lost,0,548.52,0.0,20,0
174,822,20251222,20251230,20251230,4,10,1,10-49,Pro,1,Lost,0,1378.24,0.0,8,0
175,826,20251226,20260112,20260112,5,13,3,1-9,Starter,1,Lost,0,562.37,0.0,17,0
176,827,20251224,20260107,20260107,5,14,7,1-9,Starter,1,Lost,0,594.07,0.0,14,0
177,830,20251226,20260113,20260113,7,19,2,1-9,Starter,1,Won,1,566.1,521.81,18,0
178,831,20251220,20251230,20251230,7,19,6,1-9,Pro,1,Lost,0,1480.31,0.0,10,0
179,832,20251223,20260111,20260111,7,19,8,10-49,Pro,1,Won,1,1444.44,1337.64,19,0
180,836,20251226,20260217,20260217,7,20,8,10-49,Group,5,Lost,0,18365.11,0.0,53,0
181,837,20251222,20260107,20260107,7,20,2,1-9,Starter,1,Lost,0,608.57,0.0,16,0
182,839,20251226,20260122,20260122,2,5,5,50+,Group,5,Lost,0,17223.17,0.0,27,0
183,844,20251219,20260105,20260105,5,14,1,1-9,Pro,1,Won,1,1349.33,1318.49,17,0
184,848,20251221,20260118,20260118,6,16,2,1-9,Starter,1,Lost,0,640.86,0.0,28,0
185,851,20251222,20260112,20260112,7,19,4,10-49,Pro,1,Won,1,1454.8,1289.38,21,0
186,860,20251226,20260114,20260114,4,11,5,10-49,Group,3,Lost,0,9580.12,0.0,19,0
187,861,20251226,20260109,20260109,4,11,7,1-9,Pro,1,Lost,0,1357.01,0.0,14,0
188,866,20251225,20260116,20260116,6,16,4,10-49,Starter,1,Won,1,539.53,515.06,22,0
189,870,20251224,20260104,20260104,7,19,5,10-49,Pro,1,Won,1,1367.68,1188.96,11,0
190,871,20251220,20260209,20260209,7,19,5,10-49,Starter,1,Won,1,539.76,461.32,51,0
191,893,20251221,20260101,20260101,5,13,1,1-9,Starter,1,Won,1,544.24,536.75,11,0
192,895,20251228,20260113,20260113,6,17,7,1-9,Starter,1,Lost,0,590.85,0.0,16,0
193,896,20251222,20260104,20260104,7,20,1,10-49,Pro,1,Won,1,1332.21,1247.4,13,0
194,905,20251230,20260116,20260116,5,13,3,1-9,Starter,1,Lost,0,617.19,0.0,17,0
195,907,20251229,20260114,20260114,7,19,8,10-49,Pro,1,Lost,0,1301.45,0.0,16,0
196,913,20251227,20260106,20260106,5,14,5,1-9,Starter,1,Lost,0,581.44,0.0,10,0
197,915,20251225,20260108,20260108,7,20,6,1-9,Starter,1,Lost,0,599.51,0.0,14,0
198,916,20251227,20260227,20260227,1,1,4,50+,Group,3,Won,1,11204.68,9922.22,62,0
199,923,20251226,20260114,20260114,4,10,1,1-9,Pro,1,Lost,0,1364.24,0.0,19,0
200,926,20251229,20260111,20260111,4,11,1,1-9,Starter,1,Won,1,585.33,587.9,13,0
201,931,20251227,20260123,20260123,7,20,8,50+,Group,5,Won,1,18309.66,18440.32,27,0
202,946,20251231,20260223,20260223,6,16,1,50+,Group,2,Lost,0,7129.84,0.0,54,0
203,947,20251229,20260104,20260104,6,17,4,1-9,Starter,1,Won,1,544.49,545.12,6,0
204,948,20251230,20260120,20260120,6,17,5,50+,Group,2,Lost,0,7333.96,0.0,21,0
205,949,20260102,20260406,20260406,6,17,6,50+,Group,4,Won,1,12798.55,11408.7,94,0
206,952,20251229,20260116,20260116,7,20,2,1-9,Starter,1,Won,1,603.28,591.7,18,0
207,957,20260102,20260318,20260318,4,10,2,50+,Pro,1,Lost,0,1503.72,0.0,75,0
208,958,20251229,20260113,20260113,4,11,1,1-9,Starter,1,Won,1,631.19,596.44,15,0
209,961,20251230,20260126,20260126,6,17,5,10-49,Starter,1,Lost,0,547.55,0.0,27,0
210,963,20260101,20260114,20260114,6,17,1,1-9,Pro,1,Lost,0,1377.97,0.0,13,0
211,972,20260101,20260212,20260212,4,10,2,50+,Group,2,Lost,0,7182.55,0.0,42,0
212,991,20251229,20260114,20260114,5,15,1,1-9,Starter,1,Lost,0,635.18,0.0,16,0
213,995,20260101,20260107,20260107,4,10,6,1-9,Starter,1,Won,1,564.49,559.23,6,0
214,1003,20260102,20260114,20260114,4,11,1,1-9,Starter,1,Lost,0,621.55,0.0,12,0
215,1005,20260105,20260118,20260118,5,13,3,1-9,Starter,1,Lost,0,624.92,0.0,13,0
216,1006,20260104,20260120,20260120,5,15,8,1-9,Starter,1,Won,1,551.52,500.75,16,0
217,1010,20260108,20260114,20260114,1,1,1,1-9,Pro,1,Lost,0,1354.4,0.0,6,0
218,1011,20260107,20260409,20260409,2,5,5,10-49,Pro,1,Lost,0,1320.89,0.0,92,0
219,1013,20260104,20260215,20260215,3,8,8,10-49,Pro,1,Lost,0,1323.14,0.0,42,0
220,1017,20260108,20260127,20260127,4,11,7,1-9,Starter,1,Lost,0,635.02,0.0,19,0
221,1022,20260104,20260111,20260111,1,1,1,1-9,Pro,1,Won,1,1515.44,1428.88,7,0
222,1036,20260108,20260123,20260123,5,14,5,1-9,Pro,1,Won,1,1526.32,1478.76,15,0
223,1039,20260104,20260117,20260117,7,20,5,1-9,Starter,1,Lost,0,569.06,0.0,13,0
224,1046,20260102,20260130,20260130,4,10,8,1-9,Starter,1,Lost,0,636.88,0.0,28,0
225,1047,20260107,20260122,20260122,4,11,5,1-9,Starter,1,Won,1,543.08,494.39,15,0
226,1050,20260105,20260128,20260128,5,13,8,10-49,Pro,1,Lost,0,1340.23,0.0,23,0
227,1052,20260105,20260328,20260328,5,14,1,50+,Group,3,Lost,0,9425.34,0.0,82,0
228,1053,20260103,20260115,20260115,6,17,4,1-9,Pro,1,Lost,0,1538.41,0.0,12,0
229,1055,20260106,20260113,20260113,7,20,6,10-49,Starter,1,Won,1,569.94,578.72,7,0
230,1060,20260105,20260208,20260208,5,13,3,10-49,Starter,1,Lost,0,613.0,0.0,34,0
231,1067,20260105,20260118,20260118,4,10,6,1-9,Pro,1,Lost,0,1319.45,0.0,13,0
232,1069,20260105,20260124,20260124,5,14,3,10-49,Pro,1,Lost,0,1320.59,0.0,19,0
233,1070,20260109,20260129,20260129,6,17,6,1-9,Pro,1,Lost,0,1470.95,0.0,20,0
234,1071,20260112,20260131,20260131,6,17,2,1-9,Starter,1,Lost,0,552.93,0.0,19,0
235,1073,20260110,20260127,20260127,1,1,1,1-9,Starter,1,Won,1,531.64,519.18,17,0
236,1074,20260107,20260115,20260115,1,1,3,1-9,Pro,1,Lost,0,1308.54,0.0,8,0
237,1082,20260105,20260118,20260118,7,19,2,10-49,Pro,1,Lost,0,1428.95,0.0,13,0
238,1083,20260111,20260117,20260117,1,1,2,1-9,Starter,1,Lost,0,533.26,0.0,6,0
239,1085,20260107,20260203,20260203,1,2,6,10-49,Starter,1,Won,1,589.57,594.55,27,0
240,1094,20260112,20260125,20260125,5,13,2,1-9,Starter,1,Lost,0,578.56,0.0,13,0
241,1095,20260114,20260201,20260201,5,14,8,1-9,Starter,1,Won,1,561.67,500.2,18,0
242,1098,20260109,20260127,20260127,1,1,7,1-9,Pro,1,Lost,0,1346.54,0.0,18,0
243,1105,20260108,20260120,20260120,4,11,6,10-49,Pro,1,Lost,0,1482.61,0.0,12,0
244,1108,20260108,20260211,20260211,5,13,2,1-9,Starter,1,Lost,0,569.03,0.0,34,0
245,1109,20260110,20260125,20260125,5,13,4,50+,Group,4,Lost,0,12765.65,0.0,15,0
246,1115,20260111,20260130,20260130,6,17,2,10-49,Group,2,Lost,0,7078.32,0.0,19,0
247,1123,20260111,20260201,20260201,4,10,7,10-49,Pro,1,Lost,0,1365.26,0.0,21,0
248,1129,20260112,20260125,20260125,5,14,3,1-9,Starter,1,Won,1,623.95,545.94,13,0
249,1132,20260109,20260121,20260121,6,16,7,10-49,Group,2,Lost,0,6650.77,0.0,12,0
250,1137,20260109,20260128,20260128,7,19,5,10-49,Group,3,Won,1,9838.45,8755.02,19,0
251,1138,20260116,20260208,20260208,7,20,2,1-9,Pro,1,Lost,0,1311.74,0.0,23,0
252,1146,20260112,20260203,20260203,3,8,6,10-49,Starter,1,Lost,0,561.01,0.0,22,0
253,1147,20260116,20260128,20260128,4,11,6,1-9,Starter,1,Won,1,535.39,520.18,12,0
254,1148,20260112,20260127,20260127,5,14,3,1-9,Starter,1,Lost,0,573.17,0.0,15,0
255,1153,20260113,20260209,20260209,6,17,5,1-9,Pro,1,Lost,0,1531.05,0.0,27,0
256,1154,20260114,20260213,20260213,6,17,3,1-9,Starter,1,Won,1,553.24,534.87,30,0
257,1155,20260114,20260201,20260201,1,1,1,10-49,Pro,1,Won,1,1453.42,1458.54,18,0
258,1169,20260117,20260120,20260120,5,13,2,1-9,Pro,1,Lost,0,1465.96,0.0,3,0
259,1170,20260113,20260220,20260220,5,14,1,1-9,Starter,1,Won,1,575.27,507.93,38,0
260,1179,20260113,20260121,20260121,3,8,6,1-9,Starter,1,Lost,0,612.1,0.0,8,0
261,1183,20260114,20260128,20260128,4,10,1,1-9,Pro,1,Lost,0,1359.44,0.0,14,0
262,1185,20260117,20260204,20260204,5,14,8,10-49,Pro,1,Won,1,1496.94,1333.46,18,0
263,1187,20260119,20260130,20260130,6,16,1,1-9,Starter,1,Won,1,588.19,593.16,11,0
264,1190,20260117,20260125,20260125,6,17,4,10-49,Pro,1,Lost,0,1527.97,0.0,8,0
265,1191,20260112,20260215,20260215,7,20,1,10-49,Group,3,Won,1,9621.03,8722.9,34,0
266,1195,20260119,20260311,20260311,2,5,1,50+,Group,3,Won,1,10273.37,10082.93,51,0
267,1207,20260115,20260224,20260224,5,13,1,10-49,Starter,1,Lost,0,536.92,0.0,40,0
268,1210,20260119,20260205,20260205,6,16,6,1-9,Starter,1,Lost,0,577.5,0.0,17,0
269,1212,20260114,20260126,20260126,7,20,2,10-49,Pro,1,Won,1,1552.08,1419.27,12,0
270,1213,20260120,20260202,20260202,7,20,4,10-49,Pro,1,Lost,0,1460.17,0.0,13,0
271,1226,20260115,20260220,20260220,6,17,6,10-49,Pro,1,Won,1,1467.1,1411.1,36,0
272,1227,20260119,20260214,20260214,7,19,2,10-49,Pro,1,Won,1,1366.02,1278.09,26,0
273,1231,20260115,20260224,20260224,1,3,4,50+,Group,5,Lost,0,17565.77,0.0,40,0
274,1241,20260122,20260211,20260211,4,10,4,10-49,Pro,1,Won,1,1481.17,1418.92,20,0
275,1248,20260122,20260212,20260212,5,15,6,1-9,Pro,1,Lost,0,1287.61,0.0,21,0
276,1249,20260117,20260212,20260212,7,20,1,10-49,Pro,1,Lost,0,1529.1,0.0,26,0
277,1259,20260121,20260204,20260204,5,13,3,10-49,Pro,1,Lost,0,1309.03,0.0,14,0
278,1261,20260120,20260202,20260202,5,15,3,1-9,Starter,1,Won,1,568.56,496.89,13,0
279,1262,20260118,20260224,20260224,7,19,2,10-49,Pro,1,Lost,0,1480.81,0.0,37,0
280,1263,20260116,20260124,20260124,7,20,1,1-9,Starter,1,Lost,0,646.47,0.0,8,0
281,1284,20260124,20260222,20260222,4,11,5,1-9,Starter,1,Lost,0,642.11,0.0,29,0
282,1288,20260123,20260210,20260210,5,13,8,10-49,Pro,1,Lost,0,1325.08,0.0,18,0
283,1289,20260124,20260209,20260209,5,14,2,1-9,Pro,1,Lost,0,1523.01,0.0,16,0
284,1293,20260121,20260219,20260219,6,17,6,10-49,Pro,1,Won,1,1561.82,1451.33,29,0
285,1294,20260120,20260227,20260227,7,19,5,10-49,Pro,1,Won,1,1410.17,1244.6,38,0
286,1308,20260123,20260207,20260207,4,10,8,10-49,Pro,1,Won,1,1438.02,1337.99,15,0
287,1311,20260122,20260423,20260423,4,10,6,10-49,Pro,1,Lost,0,1484.21,0.0,91,0
288,1325,20260120,20260226,20260226,3,8,1,1-9,Starter,1,Lost,0,598.49,0.0,37,0
289,1333,20260126,20260302,20260302,4,10,1,10-49,Pro,1,Lost,0,1397.83,0.0,35,0
290,1339,20260119,20260411,20260411,5,13,3,50+,Group,3,Lost,0,11088.13,0.0,82,0
291,1341,20260124,20260210,20260210,5,15,2,10-49,Pro,1,Lost,0,1446.05,0.0,17,0
292,1346,20260124,20260210,20260210,2,4,3,1-9,Starter,1,Won,1,597.33,598.25,17,0
293,1356,20260125,20260203,20260203,5,14,5,1-9,Starter,1,Won,1,537.09,462.72,9,0
294,1361,20260125,20260211,20260211,6,17,5,1-9,Starter,1,Lost,0,599.96,0.0,17,0
295,1362,20260126,20260215,20260215,7,19,4,1-9,Starter,1,Lost,0,600.57,0.0,20,0
296,1376,20260127,20260224,20260224,1,1,6,10-49,Pro,1,Lost,0,1400.24,0.0,28,0
297,1378,20260122,20260328,20260328,2,5,1,50+,Pro,1,Won,1,1415.4,1408.97,65,0
298,1390,20260126,20260303,20260303,4,10,1,10-49,Pro,1,Lost,0,1325.68,0.0,36,0
299,1397,20260124,20260223,20260223,5,15,5,10-49,Pro,1,Lost,0,1496.38,0.0,30,0
300,1403,20260124,20260206,20260206,1,1,6,1-9,Pro,1,Lost,0,1412.26,0.0,13,0
301,1405,20260128,20260223,20260223,1,1,5,1-9,Starter,1,Lost,0,644.05,0.0,26,0
302,1422,20260127,20260212,20260212,5,13,8,50+,Pro,1,Won,1,1441.08,1353.63,16,0
303,1423,20260129,20260224,20260224,5,14,2,10-49,Pro,1,Won,1,1395.6,1418.7,26,0
304,1424,20260124,20260210,20260210,6,16,1,1-9,Starter,1,Won,1,633.45,643.98,17,0
305,1425,20260130,20260224,20260224,6,16,8,1-9,Starter,1,Won,1,632.99,548.89,25,0
306,1427,20260122,20260221,20260221,7,20,6,10-49,Pro,1,Lost,0,1426.92,0.0,30,0
307,1428,20260122,20260313,20260313,7,20,3,10-49,Group,5,Lost,0,16186.85,0.0,50,0
308,1429,20260125,20260214,20260214,7,20,7,1-9,Pro,1,Lost,0,1327.03,0.0,20,0
309,1430,20260130,20260410,20260410,7,20,8,50+,Group,4,Lost,0,12710.07,0.0,70,0
310,1432,20260126,20260329,20260329,1,1,1,10-49,Pro,1,Lost,0,1290.34,0.0,62,0
311,1437,20260128,20260224,20260224,4,10,1,50+,Group,5,Lost,0,17713.5,0.0,27,0
312,1438,20260131,20260313,20260313,4,10,4,50+,Group,3,Lost,0,9864.75,0.0,41,0
313,1439,20260130,20260227,20260227,4,11,2,50+,Group,5,Lost,0,18087.18,0.0,28,0
314,1441,20260127,20260324,20260324,5,13,5,50+,Group,2,Lost,0,7074.71,0.0,56,0
315,1442,20260126,20260201,20260201,5,13,4,1-9,Starter,1,Lost,0,598.15,0.0,6,0
316,1444,20260126,20260204,20260204,6,16,1,1-9,Pro,1,Lost,0,1449.38,0.0,9,0
317,1450,20260123,20260517,20260517,6,17,3,50+,Group,3,Lost,0,11467.8,0.0,114,0
318,1452,20260123,20260213,20260213,7,19,5,1-9,Pro,1,Won,1,1560.2,1345.33,21,0
319,1454,20260125,20260210,20260210,7,20,4,1-9,Starter,1,Lost,0,548.24,0.0,16,0
320,1455,20260201,20260315,20260315,1,1,1,50+,Group,3,Lost,0,10368.0,0.0,42,0
321,1471,20260129,20260206,20260206,5,14,5,1-9,Starter,1,Won,1,630.09,548.16,8,0
322,1476,20260125,20260203,20260203,6,16,3,1-9,Starter,1,Lost,0,536.99,0.0,9,0
323,1477,20260124,20260207,20260207,6,17,2,10-49,Starter,1,Won,1,532.08,529.18,14,0
324,1478,20260127,20260224,20260224,7,19,2,50+,Pro,1,Lost,0,1461.63,0.0,28,0
325,1484,20260202,20260430,20260430,4,10,5,50+,Group,2,Lost,0,7527.39,0.0,87,0
326,1485,20260127,20260304,20260304,4,10,2,10-49,Starter,1,Lost,0,595.99,0.0,36,0
327,1488,20260128,20260206,20260206,4,11,3,1-9,Starter,1,Won,1,607.04,556.93,9,0
328,1491,20260127,20260130,20260130,5,13,3,1-9,Starter,1,Lost,0,540.81,0.0,3,0
329,1492,20260131,20260205,20260205,5,13,6,1-9,Starter,1,Lost,0,538.99,0.0,5,0
330,1499,20260202,20260216,20260216,6,17,2,10-49,Pro,1,Lost,0,1561.81,0.0,14,0
331,1500,20260127,20260215,20260215,7,19,1,10-49,Pro,1,Lost,0,1498.84,0.0,19,0
332,1501,20260131,20260210,20260210,7,19,5,1-9,Starter,1,Lost,0,606.21,0.0,10,0
333,1517,20260203,20260315,20260315,5,14,1,50+,Group,2,Won,1,7102.65,7001.57,40,0
334,1519,20260128,20260207,20260207,6,17,6,1-9,Pro,1,Won,1,1521.45,1505.19,10,0
335,1521,20260126,20260208,20260208,7,20,1,10-49,Pro,1,Lost,0,1288.81,0.0,13,0
336,1531,20260129,20260207,20260207,4,11,2,1-9,Starter,1,Lost,0,543.62,0.0,9,0
337,1534,20260203,20260305,20260305,5,15,7,10-49,Pro,1,Lost,0,1430.53,0.0,30,0
338,1548,20260128,20260212,20260212,3,7,5,1-9,Starter,1,Won,1,546.71,509.75,15,0
339,1557,20260130,20260421,20260421,5,13,1,50+,Group,5,Lost,0,17525.11,0.0,81,0
340,1563,20260130,20260220,20260220,6,16,8,1-9,Starter,1,Lost,0,558.66,0.0,21,0
341,1577,20260130,20260208,20260208,4,11,1,1-9,Pro,1,Lost,0,1568.04,0.0,9,0
342,1581,20260201,20260319,20260319,5,13,7,50+,Pro,1,Lost,0,1502.13,0.0,46,0
343,1583,20260205,20260303,20260303,5,14,3,10-49,Pro,1,Won,1,1551.45,1551.45,26,1
344,1586,20260206,20260227,20260227,6,16,7,1-9,Starter,1,Lost,0,547.61,0.0,21,0
345,1589,20260129,20260306,20260306,7,20,5,1-9,Pro,1,Won,1,1424.11,1222.39,36,0
346,1590,20260130,20260208,20260208,1,1,6,10-49,Pro,1,Lost,0,1474.55,0.0,9,0
347,1592,20260204,20260224,20260224,2,5,5,50+,Pro,1,Won,1,1356.64,1369.44,20,0
348,1597,20260207,20260226,20260226,4,11,6,1-9,Pro,1,Lost,0,1453.68,0.0,19,0
349,1601,20260130,20260227,20260227,5,13,3,1-9,Starter,1,Lost,0,536.91,0.0,28,0
350,1602,20260201,20260214,20260214,5,13,5,1-9,Pro,1,Lost,0,1319.27,0.0,13,0
351,1603,20260203,20260213,20260213,5,13,2,1-9,Pro,1,Won,1,1296.69,1253.43,10,0
352,1605,20260204,20260220,20260220,6,16,6,50+,Pro,1,Won,1,1290.42,1125.17,16,0
353,1609,20260205,20260223,20260223,6,17,7,10-49,Pro,1,Won,1,1296.37,1152.14,18,0
354,1610,20260205,20260216,20260216,6,17,2,1-9,Pro,1,Lost,0,1380.4,0.0,11,0
355,1611,20260130,20260218,20260218,6,17,4,10-49,Pro,1,Won,1,1419.1,1247.53,19,0
356,1613,20260202,20260301,20260301,7,19,2,10-49,Starter,1,Lost,0,631.78,0.0,27,0
357,1621,20260208,20260217,20260217,4,11,5,1-9,Starter,1,Won,1,594.46,524.62,9,0
358,1628,20260208,20260219,20260219,7,19,4,1-9,Starter,1,Won,1,570.7,528.06,11,0
359,1629,20260206,20260214,20260214,7,19,5,1-9,Starter,1,Won,1,530.98,454.23,8,0
360,1630,20260208,20260225,20260225,7,20,3,10-49,Pro,1,Won,1,1400.2,1414.11,17,0
361,1631,20260205,20260211,20260211,7,20,8,1-9,Starter,1,Won,1,538.11,480.53,6,0
362,1633,20260203,20260216,20260216,1,1,4,1-9,Starter,1,Lost,0,538.19,0.0,13,0
363,1645,20260202,20260224,20260224,4,11,3,10-49,Starter,1,Won,1,634.13,553.82,22,0
364,1652,20260201,20260304,20260304,5,15,1,1-9,Starter,1,Lost,0,602.97,0.0,31,0
365,1654,20260205,20260208,20260208,6,16,1,1-9,Pro,1,Lost,0,1387.32,0.0,3,0
366,1655,20260203,20260323,20260323,7,19,4,10-49,Pro,1,Lost,0,1425.91,0.0,48,0
367,1667,20260203,20260305,20260305,5,13,1,10-49,Starter,1,Lost,0,635.9,0.0,30,0
368,1669,20260208,20260302,20260302,6,17,6,10-49,Group,4,Lost,0,12681.19,0.0,22,0
369,1670,20260203,20260226,20260226,7,19,1,10-49,Pro,1,Won,1,1568.92,1560.68,23,0
370,1671,20260210,20260221,20260221,7,19,1,10-49,Pro,1,Won,1,1497.29,1469.07,11,0
371,1672,20260211,20260406,20260406,2,5,3,50+,Group,3,Lost,0,10173.37,0.0,54,0
372,1682,20260206,20260330,20260330,6,17,1,10-49,Pro,1,Won,1,1492.48,1369.82,52,0
373,1683,20260207,20260220,20260220,6,18,5,10-49,Starter,1,Won,1,579.62,577.79,13,0
374,1696,20260209,20260221,20260221,3,9,7,1-9,Pro,1,Won,1,1403.01,1281.55,12,0
375,1704,20260204,20260222,20260222,6,16,1,10-49,Pro,1,Lost,0,1394.61,0.0,18,0
376,1706,20260204,20260404,20260404,6,16,1,10-49,Pro,1,Won,1,1536.28,1457.22,59,0
377,1707,20260207,20260316,20260316,6,16,1,50+,Group,5,Lost,0,18443.58,0.0,37,0
378,1708,20260212,20260411,20260411,6,16,7,10-49,Group,4,Lost,0,13357.5,0.0,58,0
379,1710,20260210,20260217,20260217,6,17,3,10-49,Group,2,Lost,0,7443.83,0.0,7,0
380,1713,20260206,20260211,20260211,7,19,5,1-9,Starter,1,Lost,0,596.6,0.0,5,0
381,1725,20260209,20260317,20260317,4,10,4,10-49,Group,2,Lost,0,6911.32,0.0,36,0
382,1733,20260207,20260217,20260217,6,16,1,1-9,Starter,1,Won,1,552.68,483.1,10,0
383,1735,20260210,20260310,20260310,7,19,2,10-49,Starter,1,Won,1,561.91,514.83,28,0
384,1738,20260208,20260304,20260304,7,20,1,10-49,Group,5,Lost,0,15687.02,0.0,24,0
385,1739,20260212,20260303,20260303,7,20,2,10-49,Group,4,Lost,0,14447.24,0.0,19,0
386,1751,20260209,20260302,20260302,5,14,5,10-49,Group,3,Lost,0,9768.25,0.0,21,0
387,1752,20260212,20260217,20260217,5,14,5,1-9,Starter,1,Lost,0,547.7,0.0,5,0
388,1755,20260206,20260211,20260211,6,16,6,1-9,Starter,1,Won,1,554.3,538.54,5,0
389,1760,20260212,20260317,20260317,7,19,5,10-49,Pro,1,Lost,0,1423.05,0.0,33,0
390,1764,20260208,20260310,20260310,2,5,2,10-49,Pro,1,Lost,0,1394.53,0.0,30,0
391,1767,20260214,20260324,20260324,2,6,2,50+,Group,2,Lost,0,6736.89,0.0,38,0
392,1774,20260214,20260222,20260222,4,10,1,1-9,Starter,1,Lost,0,636.48,0.0,8,0
393,1775,20260207,20260309,20260309,4,10,7,10-49,Group,2,Lost,0,6331.24,0.0,30,0
394,1777,20260208,20260212,20260212,4,11,1,1-9,Starter,1,Lost,0,585.05,0.0,4,0
395,1780,20260211,20260301,20260301,5,13,5,1-9,Pro,1,Lost,0,1310.93,0.0,18,0
396,1781,20260211,20260312,20260312,5,13,5,10-49,Group,2,Lost,0,6416.39,0.0,29,0
397,1785,20260209,20260304,20260304,6,16,4,10-49,Group,2,Won,1,7574.73,7064.3,23,0
398,1786,20260209,20260318,20260318,6,17,7,10-49,Pro,1,Won,1,1551.33,1462.47,37,0
399,1799,20260213,20260225,20260225,5,13,2,1-9,Starter,1,Lost,0,615.05,0.0,12,0
400,1801,20260211,20260312,20260312,5,15,8,10-49,Pro,1,Lost,0,1470.03,0.0,29,0
401,1804,20260213,20260308,20260308,6,17,3,1-9,Pro,1,Won,1,1352.75,1370.46,23,0
402,1805,20260211,20260219,20260219,7,19,3,1-9,Starter,1,Lost,0,577.92,0.0,8,0
403,1806,20260211,20260222,20260222,7,19,1,1-9,Starter,1,Lost,0,561.02,0.0,11,0
404,1807,20260215,20260226,20260226,7,19,5,10-49,Pro,1,Won,1,1465.17,1301.4,11,0
405,1817,20260214,20260223,20260223,6,17,7,10-49,Group,4,Won,1,13824.07,14055.68,9,0
406,1818,20260215,20260312,20260312,6,17,3,1-9,Pro,1,Won,1,1409.87,1357.01,25,0
407,1821,20260217,20260313,20260313,7,20,5,10-49,Group,2,Won,1,7575.57,7066.84,24,0
408,1826,20260214,20260227,20260227,1,3,7,1-9,Pro,1,Lost,0,1467.37,0.0,13,0
409,1835,20260211,20260302,20260302,4,10,1,1-9,Starter,1,Lost,0,549.7,0.0,19,0
410,1837,20260213,20260301,20260301,4,11,1,1-9,Starter,1,Won,1,640.3,623.78,16,0
411,1840,20260211,20260220,20260220,5,15,8,1-9,Starter,1,Won,1,601.33,524.43,9,0
412,1843,20260214,20260309,20260309,6,17,1,1-9,Starter,1,Lost,0,533.81,0.0,23,0
413,1847,20260215,20260221,20260221,1,1,1,50+,Pro,1,Lost,0,1518.57,0.0,6,0
414,1848,20260214,20260315,20260315,1,1,6,1-9,Starter,1,Lost,0,580.06,0.0,29,0
415,1853,20260215,20260228,20260228,2,4,6,10-49,Pro,1,Lost,0,1444.19,0.0,13,0
416,1862,20260218,20260310,20260310,4,11,4,10-49,Group,2,Lost,0,6791.52,0.0,20,0
417,1866,20260211,20260221,20260221,5,13,2,1-9,Starter,1,Won,1,616.23,550.52,10,0
418,1867,20260211,20260218,20260218,5,13,3,1-9,Starter,1,Lost,0,587.08,0.0,7,0
419,1871,20260218,20260227,20260227,6,17,5,10-49,Pro,1,Lost,0,1290.65,0.0,9,0
420,1873,20260214,20260322,20260322,6,18,7,10-49,Pro,1,Lost,0,1424.76,0.0,36,0
421,1875,20260213,20260222,20260222,7,20,3,1-9,Starter,1,Won,1,547.32,534.79,9,0
422,1880,20260220,20260411,20260411,3,8,6,50+,Pro,1,Lost,0,1342.16,0.0,50,0
423,1882,20260220,20260521,20260521,4,10,5,50+,Group,2,Lost,0,6578.12,0.0,90,0
424,1886,20260214,20260312,20260312,4,10,4,1-9,Starter,1,Lost,0,645.55,0.0,26,0
425,1889,20260213,20260227,20260227,4,12,6,1-9,Starter,1,Won,1,640.72,582.23,14,0
426,1890,20260215,20260402,20260402,4,12,3,50+,Group,4,Won,1,14448.24,13610.21,46,0
427,1894,20260215,,20260215,6,16,1,1-9,Starter,1,Won,1,557.68,565.5,,0
428,1896,20260217,20260220,20260220,7,20,8,1-9,Starter,1,Won,1,588.4,522.69,3,0
429,1897,20260213,20260301,20260301,1,1,7,50+,Pro,1,Lost,0,1429.05,0.0,16,0
430,1900,20260213,20260329,20260329,2,6,1,10-49,Pro,1,Lost,0,1542.04,0.0,44,0
431,1908,20260219,20260309,20260309,4,10,1,50+,Group,5,Lost,0,17255.34,0.0,18,0
432,1917,20260216,20260404,20260404,6,16,8,10-49,Pro,1,Lost,0,1539.48,0.0,47,0
433,1932,20260214,20260224,20260224,4,12,3,1-9,Starter,1,Won,1,606.87,615.88,10,0
434,1940,20260221,20260318,20260318,6,17,1,10-49,Pro,1,Lost,0,1513.17,0.0,25,0
435,1944,20260215,20260329,20260329,7,19,1,50+,Group,3,Lost,0,10326.67,0.0,42,0
436,1972,20260217,20260301,20260301,6,17,4,1-9,Starter,1,Lost,0,578.37,0.0,12,0
437,1973,20260216,20260421,20260421,6,17,2,50+,Pro,1,Lost,0,1418.81,0.0,64,0
438,1976,20260222,20260307,20260307,6,17,7,1-9,Starter,1,Lost,0,548.42,0.0,13,0
439,1978,20260217,20260227,20260227,6,17,1,1-9,Starter,1,Won,1,614.72,535.38,10,0
440,1980,20260220,20260305,20260305,7,19,1,1-9,Starter,1,Lost,0,633.93,0.0,13,0
441,1982,20260215,20260227,20260227,7,20,4,1-9,Starter,1,Lost,0,633.68,0.0,12,0
442,1983,20260223,20260318,20260318,7,20,1,1-9,Starter,1,Won,1,588.8,509.29,23,0
443,1984,20260223,20260301,20260301,1,3,7,1-9,Pro,1,Won,1,1565.04,1538.65,6,0
444,1985,20260218,20260317,20260317,2,4,2,10-49,Pro,1,Lost,0,1467.22,0.0,27,0
445,1986,20260218,20260418,20260418,2,5,7,10-49,Pro,1,Won,1,1478.74,1257.39,59,0
446,1987,20260220,20260226,20260226,3,7,2,1-9,Starter,1,Lost,0,606.47,0.0,6,0
447,2000,20260221,20260303,20260303,7,19,2,1-9,Starter,1,Lost,0,531.33,0.0,10,0
448,2005,20260222,20260318,20260318,2,4,5,10-49,Pro,1,Lost,0,1369.25,0.0,24,0
449,2012,20260218,20260314,20260314,4,11,6,10-49,Starter,1,Lost,0,571.44,0.0,24,0
450,2015,20260220,20260308,20260308,4,11,2,1-9,Pro,1,Lost,0,1485.85,0.0,16,0
451,2018,20260220,20260307,20260307,6,17,8,1-9,Starter,1,Lost,0,618.92,0.0,15,0
452,2020,20260223,20260307,20260307,6,18,3,1-9,Starter,1,Lost,0,549.95,0.0,12,0
453,2022,20260222,20260225,20260225,7,20,5,1-9,Starter,1,Won,1,584.9,540.72,3,0
454,2041,20260218,20260227,20260227,5,15,1,10-49,Starter,1,Won,1,535.12,510.22,9,0
455,2042,20260225,20260323,20260323,6,17,5,10-49,Pro,1,Lost,0,1471.48,0.0,26,0
456,2044,20260221,20260307,20260307,7,20,2,1-9,Starter,1,Won,1,572.9,552.51,14,0
457,2055,20260219,20260301,20260301,3,9,7,1-9,Pro,1,Lost,0,1334.82,0.0,10,0
458,2062,20260224,20260318,20260318,5,13,2,1-9,Starter,1,Won,1,531.99,531.61,22,0
459,2063,20260225,20260323,20260323,5,14,6,1-9,Pro,1,Lost,0,1316.08,0.0,26,0
460,2089,20260225,20260311,20260311,1,1,7,1-9,Pro,1,Won,1,1408.8,1414.84,14,0
461,2092,20260225,20260415,20260415,2,4,2,50+,Group,2,Lost,0,6358.37,0.0,49,0
462,2107,20260223,20260305,20260305,4,11,6,1-9,Pro,1,Lost,0,1467.44,0.0,10,0
463,2108,20260228,20260309,20260309,4,11,1,10-49,Pro,1,Lost,0,1404.86,0.0,9,0
464,2113,20260226,20260320,20260320,5,13,1,10-49,Group,5,Lost,0,18527.15,0.0,22,0
465,2117,20260301,20260307,20260307,6,16,2,1-9,Pro,1,Won,1,1477.15,1327.89,6,0
466,2130,20260226,20260308,20260308,4,10,5,1-9,Starter,1,Lost,0,588.22,0.0,10,0
467,2134,20260224,20260311,20260311,5,15,8,1-9,Starter,1,Lost,0,546.25,0.0,15,0
468,2136,20260225,20260307,20260307,6,17,1,1-9,Starter,1,Lost,0,630.51,0.0,10,0
469,2141,20260223,20260426,20260426,2,5,5,50+,Pro,1,Won,1,1536.74,1375.04,62,0
470,2153,20260227,20260310,20260310,5,13,5,1-9,Starter,1,Won,1,625.19,607.94,11,0
471,2155,20260301,20260309,20260309,6,17,7,1-9,Pro,1,Won,1,1395.73,1317.46,8,0
472,2168,20260301,20260322,20260322,5,14,3,10-49,Pro,1,Lost,0,1526.6,0.0,21,0
473,2169,20260303,20260407,20260407,5,14,2,50+,Pro,1,Lost,0,1489.33,0.0,35,0
474,2170,20260225,20260310,20260310,5,15,3,1-9,Starter,1,Lost,0,619.73,0.0,13,0
475,2174,20260227,20260330,20260330,7,19,5,10-49,Pro,1,Lost,0,1291.38,0.0,31,0
476,2175,20260224,20260309,20260309,7,19,2,10-49,Pro,1,Lost,0,1288.61,0.0,13,0
477,2176,20260224,20260324,20260324,7,21,1,10-49,Pro,1,Lost,0,1503.34,0.0,28,0
478,2190,20260303,20260313,20260313,5,13,1,1-9,Pro,1,Lost,0,1429.07,0.0,10,0
479,2192,20260227,20260406,20260406,5,15,1,10-49,Starter,1,Won,1,613.97,607.98,38,0
480,2196,20260302,20260325,20260325,6,16,4,1-9,Pro,1,Won,1,1328.93,1225.9,23,0
481,2198,20260228,20260319,20260319,6,16,6,10-49,Pro,1,Won,1,1533.75,1314.25,19,0
482,2199,20260226,20260422,20260422,6,17,7,10-49,Pro,1,Lost,0,1414.59,0.0,55,0
483,2202,20260227,20260320,20260320,6,18,3,1-9,Starter,1,Lost,0,581.85,0.0,21,0
484,2203,20260301,20260327,20260327,7,19,1,10-49,Pro,1,Lost,0,1522.23,0.0,26,0
485,2205,20260303,20260406,20260406,7,20,6,1-9,Starter,1,Won,1,640.27,647.0,34,0
486,2221,20260228,20260324,20260324,4,10,8,10-49,Pro,1,Lost,0,1339.69,0.0,24,0
487,2228,20260306,20260402,20260402,6,17,1,1-9,Starter,1,Lost,0,638.95,0.0,27,0
488,2229,20260302,20260305,20260305,6,17,2,1-9,Starter,1,Lost,0,640.82,0.0,3,0
489,2232,20260301,20260325,20260325,1,1,1,1-9,Pro,1,Lost,0,1514.11,0.0,24,0
490,2247,20260304,20260324,20260324,5,13,4,1-9,Pro,1,Lost,0,1497.23,0.0,20,0
491,2251,20260307,20260312,20260312,6,16,2,1-9,Starter,1,Lost,0,581.33,0.0,5,0
492,2253,20260301,20260307,20260307,6,16,7,1-9,Pro,1,Lost,0,1310.75,0.0,6,0
493,2256,20260302,20260322,20260322,6,18,8,10-49,Pro,1,Lost,0,1535.28,0.0,20,0
494,2257,20260306,20260328,20260328,7,19,6,10-49,Pro,1,Lost,0,1446.76,0.0,22,0
495,2261,20260301,20260322,20260322,1,1,7,1-9,Starter,1,Lost,0,644.23,0.0,21,0
496,2262,20260302,20260311,20260311,1,2,2,1-9,Starter,1,Won,1,572.93,571.53,9,0
497,2271,20260303,20260313,20260313,4,10,3,1-9,Starter,1,Lost,0,568.49,0.0,10,0
498,2272,20260303,20260322,20260322,4,10,4,50+,Group,4,Lost,0,12828.7,0.0,19,0
499,2278,20260305,20260323,20260323,6,16,3,10-49,Pro,1,Lost,0,1417.5,0.0,18,0
500,2282,20260228,20260304,20260304,7,20,2,1-9,Pro,1,Won,1,1468.76,1271.0,4,0
501,2304,20260306,20260520,20260520,5,13,3,50+,Group,3,Lost,0,11478.89,0.0,75,0
502,2306,20260305,20260323,20260323,5,13,8,1-9,Starter,1,Lost,0,605.33,0.0,18,0
503,2309,20260302,20260429,20260429,6,16,6,10-49,Pro,1,Lost,0,1521.42,0.0,58,0
504,2310,20260308,20260408,20260408,6,16,3,10-49,Pro,1,Lost,0,1313.63,0.0,31,0
505,2311,20260306,20260317,20260317,6,16,1,50+,Group,4,Lost,0,13574.24,0.0,11,0
506,2314,20260305,20260330,20260330,6,17,4,50+,Pro,1,Lost,0,1366.94,0.0,25,0
507,2316,20260310,20260327,20260327,1,3,5,10-49,Starter,1,Lost,0,568.99,0.0,17,0
508,2328,20260309,20260324,20260324,4,12,4,50+,Pro,1,Won,1,1412.18,1352.23,15,0
509,2330,20260309,20260422,20260422,6,16,1,10-49,Pro,1,Lost,0,1393.29,0.0,44,0
510,2331,20260307,20260522,20260522,7,19,1,50+,Group,2,Lost,0,7118.9,0.0,76,0
511,2332,20260311,20260329,20260329,1,1,6,1-9,Starter,1,Lost,0,543.89,0.0,18,0
512,2340,20260304,20260316,20260316,3,7,5,1-9,Pro,1,Lost,0,1543.11,0.0,12,0
513,2343,20260308,20260322,20260322,4,10,2,10-49,Pro,1,Lost,0,1374.88,0.0,14,0
514,2344,20260311,20260325,20260325,4,11,1,1-9,Starter,1,Lost,0,557.62,0.0,14,0
515,2354,20260305,20260314,20260314,6,17,7,10-49,Pro,1,Lost,0,1444.96,0.0,9,0
516,2356,20260310,20260423,20260423,7,20,4,50+,Group,5,Lost,0,18073.06,0.0,44,0
517,2359,20260308,20260319,20260319,7,21,1,10-49,Starter,1,Won,1,575.37,494.32,11,0
518,2362,20260305,20260326,20260326,2,5,5,50+,Group,4,Won,1,14201.46,12155.6,21,0
519,2370,20260310,20260328,20260328,4,10,8,1-9,Pro,1,Lost,0,1525.71,0.0,18,0
520,2372,20260312,20260317,20260317,4,10,3,10-49,Group,3,Lost,0,10456.26,0.0,5,0
521,2375,20260309,20260315,20260315,4,12,2,1-9,Starter,1,Lost,0,613.27,0.0,6,0
522,2377,20260311,20260407,20260407,5,14,7,1-9,Pro,1,Lost,0,1307.9,0.0,27,0
523,2380,20260306,20260323,20260323,6,16,5,10-49,Pro,1,Lost,0,1490.27,0.0,17,0
524,2382,20260312,20260329,20260329,7,19,4,10-49,Starter,1,Lost,0,635.92,0.0,17,0
525,2385,20260310,20260331,20260331,7,20,2,1-9,Starter,1,Lost,0,574.39,0.0,21,0
526,2397,20260312,20260320,20260320,4,10,7,1-9,Starter,1,Lost,0,630.44,0.0,8,0
527,2399,20260310,20260323,20260323,4,12,3,1-9,Pro,1,Lost,0,1421.09,0.0,13,0
528,2401,20260309,20260402,20260402,5,13,1,1-9,Starter,1,Won,1,559.82,520.19,24,0
529,2402,20260310,20260331,20260331,5,13,6,10-49,Pro,1,Lost,0,1512.83,0.0,21,0
530,2403,20260306,20260312,20260312,5,14,2,1-9,Pro,1,Lost,0,1312.7,0.0,6,0
531,2404,20260308,20260316,20260316,5,14,8,1-9,Starter,1,Lost,0,572.8,0.0,8,0
532,2408,20260306,20260508,20260508,6,16,4,50+,Group,4,Lost,0,12950.06,0.0,63,0
533,2409,20260308,20260324,20260324,6,16,1,1-9,Starter,1,Lost,0,601.7,0.0,16,0
534,2410,20260305,20260328,20260328,6,17,5,1-9,Starter,1,Lost,0,557.28,0.0,23,0
535,2411,20260308,20260325,20260325,6,17,2,10-49,Pro,1,Lost,0,1505.43,0.0,17,0
536,2412,20260308,20260513,20260513,7,20,5,50+,Pro,1,Lost,0,1462.56,0.0,66,0
537,2429,20260307,20260331,20260331,4,12,7,10-49,Pro,1,Lost,0,1463.02,0.0,24,0
538,2435,20260309,20260312,20260312,6,16,1,1-9,Starter,1,Lost,0,580.84,0.0,3,0
539,2436,20260309,20260324,20260324,6,17,6,1-9,Starter,1,Won,1,619.52,589.93,15,0
540,2437,20260313,20260420,20260420,7,19,7,1-9,Starter,1,Lost,0,570.83,0.0,38,0
541,2441,20260309,20260522,20260522,1,3,4,50+,Group,5,Won,1,18865.52,17619.24,74,0
542,2443,20260315,20260506,20260506,3,7,5,50+,Group,4,Lost,0,14645.26,0.0,52,0
543,2445,20260307,20260409,20260409,3,7,2,50+,Group,5,Lost,0,16925.43,0.0,33,0
544,2449,20260312,20260409,20260409,4,10,2,10-49,Pro,1,Won,1,1317.32,1163.78,28,0
545,2459,20260311,20260320,20260320,5,14,1,1-9,Starter,1,Lost,0,634.87,0.0,9,0
546,2464,20260315,20260326,20260326,6,16,4,1-9,Starter,1,Lost,0,572.18,0.0,11,0
547,2467,20260312,20260405,20260405,6,17,3,1-9,Starter,1,Won,1,637.32,616.5,24,0
548,2468,20260315,20260330,20260330,6,17,2,1-9,Pro,1,Lost,0,1368.77,0.0,15,0
549,2470,20260309,20260409,20260409,7,19,1,10-49,Pro,1,Lost,0,1321.48,0.0,31,0
550,2471,20260309,20260406,20260406,1,1,6,50+,Group,3,Lost,0,9818.89,0.0,28,0
551,2473,20260315,20260406,20260406,2,5,3,10-49,Pro,1,Lost,0,1328.73,0.0,22,0
552,2485,20260315,20260406,20260406,5,13,2,10-49,Starter,1,Won,1,559.66,479.38,22,0
553,2488,20260312,20260328,20260328,6,18,2,1-9,Pro,1,Lost,0,1314.93,0.0,16,0
554,2491,20260314,20260419,20260419,7,21,1,10-49,Pro,1,Lost,0,1341.63,0.0,36,0
555,2505,20260312,20260416,20260416,6,17,3,10-49,Pro,1,Lost,0,1504.32,0.0,35,0
556,2524,20260314,20260328,20260328,5,13,1,1-9,Starter,1,Lost,0,586.65,0.0,14,0
557,2538,20260311,20260325,20260325,4,12,8,10-49,Pro,1,Lost,0,1555.55,0.0,14,0
558,2549,20260312,20260324,20260324,7,19,1,10-49,Pro,1,Lost,0,1371.65,0.0,12,0
559,2553,20260314,20260503,20260503,2,4,7,50+,Group,5,Lost,0,18655.26,0.0,50,0
560,2560,20260320,20260326,20260326,4,10,4,1-9,Pro,1,Lost,0,1489.28,0.0,6,0
561,2562,20260312,20260324,20260324,4,11,6,1-9,Pro,1,Won,1,1392.47,1285.07,12,0
562,2564,20260316,20260416,20260416,4,11,3,1-9,Starter,1,Lost,0,609.35,0.0,31,0
563,2565,20260319,20260407,20260407,4,11,5,1-9,Starter,1,Won,1,577.13,541.52,19,0
564,2569,20260312,20260324,20260324,6,16,5,1-9,Starter,1,Lost,0,597.54,0.0,12,0
565,2575,20260313,20260331,20260331,7,20,2,1-9,Starter,1,Lost,0,548.11,0.0,18,0
566,2577,20260318,20260326,20260326,1,3,5,1-9,Starter,1,Won,1,619.27,626.01,8,0
567,2578,20260313,20260428,20260428,1,3,2,10-49,Group,2,Lost,0,6283.91,0.0,46,0
568,2600,20260316,20260329,20260329,7,20,6,1-9,Starter,1,Won,1,608.33,548.53,13,0
569,2602,20260321,20260325,20260325,1,1,1,1-9,Starter,1,Lost,0,595.57,0.0,4,0
570,2619,20260318,20260405,20260405,4,10,1,1-9,Pro,1,Lost,0,1460.43,0.0,18,0
571,2623,20260315,20260408,20260408,4,10,3,50+,Pro,1,Lost,0,1550.53,0.0,24,0
572,2627,20260318,20260401,20260401,5,15,2,1-9,Pro,1,Lost,0,1348.74,0.0,14,0
573,2628,20260320,20260429,20260429,6,18,8,50+,Group,4,Lost,0,13366.92,0.0,40,0
574,2629,20260320,20260425,20260425,7,20,2,10-49,Group,5,Lost,0,17426.51,0.0,36,0
575,2632,20260315,20260405,20260405,7,20,7,50+,Group,5,Won,1,17766.1,15813.0,21,0
576,2636,20260315,20260406,20260406,1,1,1,1-9,Starter,1,Won,1,567.2,530.07,22,0
577,2639,20260321,20260329,20260329,1,3,6,1-9,Starter,1,Lost,0,604.32,0.0,8,0
578,2653,20260315,20260330,20260330,3,9,3,1-9,Starter,1,Lost,0,641.37,0.0,15,0
579,2670,20260321,20260423,20260423,4,11,2,10-49,Group,4,Lost,0,13453.85,0.0,33,0
580,2675,20260322,20260523,20260523,6,16,5,50+,Pro,1,Lost,0,1475.18,0.0,62,0
581,2677,20260320,20260329,20260329,6,17,2,1-9,Starter,1,Lost,0,542.08,0.0,9,0
582,2678,20260316,20260324,20260324,7,20,5,1-9,Pro,1,Lost,0,1319.26,0.0,8,0
583,2689,20260325,20260420,20260420,4,12,1,10-49,Pro,1,Lost,0,1339.29,0.0,26,0
584,2690,20260325,20260516,20260516,5,13,2,10-49,Group,2,Lost,0,7477.31,0.0,52,0
585,2696,20260322,20260402,20260402,6,17,2,1-9,Starter,1,Won,1,627.95,551.06,11,0
586,2697,20260325,20260402,20260402,6,18,7,1-9,Pro,1,Won,1,1335.43,1292.42,8,0
587,2700,20260324,,20260324,2,4,8,50+,Pro,1,Open,0,1377.3,0.0,,0
588,2709,20260322,20260410,20260410,3,9,3,1-9,Pro,1,Lost,0,1343.83,0.0,19,0
589,2711,20260320,20260401,20260401,4,11,8,1-9,Starter,1,Lost,0,559.05,0.0,12,0
590,2713,20260319,20260408,20260408,4,12,1,1-9,Pro,1,Lost,0,1325.36,0.0,20,0
591,2719,20260318,20260406,20260406,7,19,8,1-9,Starter,1,Lost,0,581.08,0.0,19,0
592,2720,20260325,20260406,20260406,7,20,4,10-49,Starter,1,Won,1,571.39,501.1,12,0
593,2722,20260323,20260401,20260401,7,21,2,1-9,Starter,1,Lost,0,620.23,0.0,9,0
594,2730,20260321,20260409,20260409,4,11,4,1-9,Starter,1,Lost,0,593.87,0.0,19,0
595,2732,20260322,20260407,20260407,5,13,1,1-9,Starter,1,Lost,0,558.19,0.0,16,0
596,2734,20260323,20260408,20260408,5,13,1,1-9,Starter,1,Won,1,616.33,582.18,16,0
597,2737,20260325,20260410,20260410,6,16,7,50+,Group,4,Won,1,13551.48,12274.02,16,0
598,2738,20260320,20260414,20260414,6,17,1,1-9,Starter,1,Lost,0,590.13,0.0,25,0
599,2742,20260323,20260406,20260406,7,20,2,1-9,Pro,1,Lost,0,1398.69,0.0,14,0
600,2743,20260326,20260412,20260412,7,21,2,1-9,Starter,1,Lost,0,543.34,0.0,17,0
601,2745,20260326,20260411,20260411,1,1,6,1-9,Starter,1,Lost,0,579.47,0.0,16,0
602,2746,20260323,20260407,20260407,1,2,5,10-49,Pro,1,Lost,0,1566.37,0.0,15,0
603,2760,20260328,20260414,20260414,6,16,1,1-9,Starter,1,Lost,0,588.1,0.0,17,0
604,2761,20260328,20260417,20260417,6,16,1,1-9,Starter,1,Lost,0,592.62,0.0,20,0
605,2776,20260328,20260405,20260405,5,13,8,1-9,Starter,1,Lost,0,629.81,0.0,8,0
606,2779,20260322,20260429,20260429,7,19,3,10-49,Pro,1,Won,1,1295.36,1188.51,38,0
607,2780,20260329,20260520,20260520,7,19,5,10-49,Group,3,Won,1,11335.09,10835.7,52,0
608,2781,20260327,20260404,20260404,7,20,2,1-9,Pro,1,Won,1,1437.69,1362.83,8,0
609,2785,20260324,20260416,20260416,1,1,5,1-9,Starter,1,Lost,0,553.27,0.0,23,0
610,2792,20260325,20260604,20260604,4,12,6,50+,Group,3,Lost,0,10894.87,0.0,71,0
611,2794,20260328,20260501,20260501,5,14,8,10-49,Group,5,Lost,0,15865.81,0.0,34,0
612,2796,20260326,20260403,20260403,6,16,5,1-9,Starter,1,Lost,0,585.79,0.0,8,0
613,2800,20260327,20260416,20260416,7,19,1,10-49,Starter,1,Lost,0,608.72,0.0,20,0
614,2801,20260322,20260418,20260418,7,21,7,10-49,Pro,1,Lost,0,1552.79,0.0,27,0
615,2806,20260328,20260501,20260501,4,10,3,10-49,Starter,1,Lost,0,536.35,0.0,34,0
616,2809,20260323,20260404,20260404,4,11,8,1-9,Pro,1,Won,1,1514.34,1312.71,12,0
617,2810,20260326,20260418,20260418,4,12,4,1-9,Pro,1,Lost,0,1417.64,0.0,23,0
618,2811,20260323,20260403,20260403,5,13,4,1-9,Starter,1,Lost,0,624.25,0.0,11,0
619,2812,20260327,20260419,20260419,5,13,7,1-9,Starter,1,Won,1,629.61,558.11,23,0
620,2813,20260326,20260406,20260406,5,14,6,10-49,Pro,1,Lost,0,1382.74,0.0,11,0
621,2814,20260324,20260407,20260407,6,16,3,50+,Pro,1,Lost,0,1288.98,0.0,14,0
622,2815,20260331,20260407,20260407,6,17,1,1-9,Starter,1,Lost,0,536.54,0.0,7,0
623,2818,20260325,20260411,20260411,7,21,4,1-9,Starter,1,Lost,0,617.82,0.0,17,0
624,2827,20260325,20260422,20260422,4,10,5,10-49,Pro,1,Lost,0,1326.81,0.0,28,0
625,2829,20260329,20260417,20260417,5,14,6,1-9,Starter,1,Won,1,628.51,593.25,19,0
626,2831,20260324,20260407,20260407,6,16,4,1-9,Starter,1,Lost,0,592.14,0.0,14,0
627,2835,20260401,20260422,20260422,7,21,6,1-9,Starter,1,Won,1,602.61,587.9,21,0
628,2843,20260402,20260421,20260421,3,7,2,10-49,Group,4,Lost,0,14289.67,0.0,19,0
629,2844,20260329,20260503,20260503,3,7,3,10-49,Pro,1,Won,1,1323.16,1302.92,35,0
630,2845,20260330,20260525,20260525,3,7,5,50+,Group,5,Lost,0,16494.72,0.0,56,0
631,2848,20260329,20260406,20260406,3,8,8,1-9,Starter,1,Won,1,639.32,612.83,8,0
632,2851,20260329,20260428,20260428,3,8,2,1-9,Starter,1,Lost,0,589.24,0.0,30,0
633,2857,20260328,20260415,20260415,4,12,7,1-9,Starter,1,Won,1,595.3,595.3,18,1
634,2858,20260329,20260418,20260418,5,13,1,10-49,Starter,1,Won,1,594.4,537.02,20,0
635,2859,20260401,20260406,20260406,5,14,3,1-9,Pro,1,Won,1,1515.44,1416.62,5,0
636,2860,20260401,20260427,20260427,5,14,3,10-49,Starter,1,Won,1,560.1,567.75,26,0
637,2863,20260401,20260405,20260405,6,17,4,1-9,Pro,1,Won,1,1293.78,1308.63,4,0
638,2865,20260401,20260509,20260509,7,19,5,10-49,Starter,1,Lost,0,636.0,0.0,38,0
639,2866,20260329,20260414,20260414,7,21,2,1-9,Starter,1,Lost,0,588.26,0.0,16,0
640,2883,20260328,20260520,20260520,5,13,5,50+,Group,3,Lost,0,9602.04,0.0,53,0
641,2886,20260331,20260429,20260429,5,14,3,1-9,Starter,1,Lost,0,633.11,0.0,29,0
642,2888,20260331,20260407,20260407,5,14,6,1-9,Pro,1,Won,1,1397.24,1190.98,7,0
643,2894,20260329,20260407,20260407,7,19,1,1-9,Starter,1,Lost,0,533.82,0.0,9,0
644,2896,20260326,20260401,20260401,7,20,5,1-9,Starter,1,Won,1,573.01,555.66,6,0
645,2897,20260329,20260528,20260528,7,20,1,50+,Pro,1,Lost,0,1316.76,0.0,60,0
646,2902,20260403,20260427,20260427,1,3,4,10-49,Pro,1,Won,1,1411.66,1317.3,24,0
647,2903,20260327,20260526,20260526,2,4,1,10-49,Pro,1,Won,1,1530.45,1342.82,60,0
648,2912,20260327,20260409,20260409,4,10,1,1-9,Starter,1,Lost,0,548.22,0.0,13,0
649,2913,20260331,20260513,20260513,4,11,3,10-49,Starter,1,Lost,0,548.21,0.0,43,0
650,2920,20260330,20260501,20260501,6,16,2,10-49,Pro,1,Won,1,1427.14,1400.25,32,0
651,2936,20260404,20260421,20260421,4,10,4,1-9,Starter,1,Lost,0,557.37,0.0,17,0
652,2940,20260405,20260414,20260414,5,13,5,1-9,Starter,1,Won,1,569.85,527.82,9,0
653,2945,20260329,20260422,20260422,5,13,3,1-9,Starter,1,Lost,0,614.25,0.0,24,0
654,2947,20260330,20260426,20260426,5,15,2,10-49,Starter,1,Lost,0,614.41,0.0,27,0
655,2949,20260402,20260412,20260412,7,19,5,1-9,Starter,1,Lost,0,546.17,0.0,10,0
656,2951,20260329,20260419,20260419,1,1,1,1-9,Starter,1,Won,1,591.34,554.14,21,0
657,2961,20260403,20260417,20260417,3,0,5,10-49,Starter,1,Lost,0,617.57,0.0,14,0
658,2965,20260401,20260424,20260424,5,14,3,10-49,Pro,1,Lost,0,1536.74,0.0,23,0
659,2966,20260329,20260407,20260407,6,16,7,1-9,Pro,1,Lost,0,1482.9,0.0,9,0
660,2967,20260404,20260413,20260413,6,17,1,10-49,Pro,1,Lost,0,1375.62,0.0,9,0
661,2968,20260329,20260413,20260413,6,17,8,1-9,Pro,1,Won,1,1311.45,1307.36,15,0
662,2970,20260329,20260409,20260409,7,19,5,1-9,Starter,1,Won,1,632.84,543.0,11,0
663,2981,20260401,20260420,20260420,3,9,7,10-49,Pro,1,Lost,0,1564.23,0.0,19,0
664,2986,20260331,20260412,20260412,6,16,4,10-49,Pro,1,Lost,0,1482.53,0.0,12,0
665,2987,20260331,20260429,20260429,6,17,3,10-49,Starter,1,Lost,0,581.83,0.0,29,0
666,2989,20260331,20260427,20260427,6,18,3,1-9,Starter,1,Lost,0,545.64,0.0,27,0
667,2990,20260402,20260428,20260428,7,20,5,10-49,Pro,1,Won,1,1299.47,1135.57,26,0
668,3005,20260403,20260510,20260510,5,13,5,10-49,Starter,1,Won,1,533.63,516.24,37,0
669,3006,20260403,20260516,20260516,5,13,4,10-49,Starter,1,Lost,0,562.48,0.0,43,0
670,3008,20260406,20260503,20260503,6,16,4,1-9,Pro,1,Lost,0,1566.09,0.0,27,0
671,3009,20260402,20260503,20260503,6,17,6,10-49,Starter,1,Won,1,603.26,520.03,31,0
672,3010,20260404,20260420,20260420,6,18,6,1-9,Starter,1,Lost,0,591.61,0.0,16,0
673,3014,20260406,,20260406,1,3,6,50+,Group,5,Open,0,15936.14,0.0,,0
674,3025,20260401,20260429,20260429,4,10,1,50+,Group,5,Lost,0,18996.04,0.0,28,0
675,3035,20260402,20260411,20260411,6,16,1,1-9,Starter,1,Lost,0,590.69,0.0,9,0
676,3041,20260403,20260410,20260410,7,20,5,1-9,Pro,1,Won,1,1349.16,1236.42,7,0
677,3044,20260407,20260518,20260518,1,1,3,10-49,Pro,1,Lost,0,1302.64,0.0,41,0
678,3052,20260403,20260505,20260505,3,7,3,10-49,Starter,1,Lost,0,597.46,0.0,32,0
679,3056,20260403,20260423,20260423,4,10,1,1-9,Starter,1,Won,1,608.97,579.08,20,0
680,3058,20260402,20260415,20260415,4,10,5,1-9,Pro,1,Lost,0,1549.84,0.0,13,0
681,3060,20260408,20260527,20260527,5,13,3,10-49,Group,3,Lost,0,9705.73,0.0,49,0
682,3067,20260402,20260422,20260422,6,17,7,1-9,Starter,1,Lost,0,592.82,0.0,20,0
683,3070,20260407,20260423,20260423,7,19,7,1-9,Pro,1,Lost,0,1312.5,0.0,16,0
684,3071,20260405,20260418,20260418,7,20,6,1-9,Pro,1,Won,1,1555.46,1403.69,13,0
685,3092,20260405,20260505,20260505,4,11,7,10-49,Pro,1,Lost,0,1287.53,0.0,30,0
686,3093,20260410,20260523,20260523,4,11,7,50+,Group,5,Lost,0,17140.41,0.0,43,0
687,3097,20260411,20260503,20260503,6,17,1,1-9,Starter,1,Won,1,624.15,616.23,22,0
688,3103,20260403,20260414,20260414,7,21,8,10-49,Starter,1,Lost,0,593.55,0.0,11,0
689,3105,20260412,20260516,20260516,1,1,6,10-49,Pro,1,Lost,0,1423.5,0.0,34,0
690,3121,20260405,20260506,20260506,5,13,4,10-49,Starter,1,Lost,0,563.24,0.0,31,0
691,3122,20260405,20260424,20260424,5,13,4,10-49,Starter,1,Won,1,626.46,542.19,19,0
692,3123,20260409,20260428,20260428,5,14,4,10-49,Starter,1,Lost,0,549.74,0.0,19,0
693,3124,20260406,20260610,20260610,6,17,2,10-49,Pro,1,Lost,0,1467.09,0.0,65,0
694,3126,20260404,20260511,20260511,6,17,1,1-9,Starter,1,Won,1,552.03,557.02,37,0
695,3127,20260405,20260428,20260428,6,17,2,1-9,Starter,1,Won,1,635.56,620.01,23,0
696,3138,20260410,20260423,20260423,3,7,5,1-9,Starter,1,Lost,0,596.07,0.0,13,0
697,3146,20260408,20260417,20260417,5,13,8,10-49,Starter,1,Won,1,607.98,592.08,9,0
698,3151,20260411,20260422,20260422,6,16,2,1-9,Pro,1,Lost,0,1416.5,0.0,11,0
699,3156,20260405,20260423,20260423,7,21,1,1-9,Starter,1,Lost,0,577.34,0.0,18,0
700,3157,20260405,20260419,20260419,7,21,2,1-9,Starter,1,Won,1,552.24,515.77,14,0
701,3158,20260409,20260503,20260503,7,21,8,50+,Group,5,Won,1,17105.28,17105.28,24,1
702,3159,20260411,20260424,20260424,1,1,1,1-9,Starter,1,Won,1,596.18,561.21,13,0
703,3174,20260409,20260503,20260503,5,13,8,1-9,Pro,1,Lost,0,1551.51,0.0,24,0
704,3176,20260409,20260418,20260418,5,15,3,10-49,Group,5,Lost,0,15820.24,0.0,9,0
705,3177,20260407,20260420,20260420,6,16,1,1-9,Starter,1,Lost,0,628.56,0.0,13,0
706,3187,20260409,20260503,20260503,3,9,6,10-49,Group,5,Lost,0,18594.91,0.0,24,0
707,3188,20260415,20260419,20260419,4,10,6,1-9,Pro,1,Lost,0,1315.9,0.0,4,0
708,3192,20260414,20260503,20260503,4,11,2,10-49,Starter,1,Won,1,621.78,543.22,19,0
709,3195,20260408,20260427,20260427,4,12,1,10-49,Pro,1,Won,1,1450.43,1360.67,19,0
710,3199,20260415,20260424,20260424,6,18,2,1-9,Starter,1,Won,1,639.84,552.95,9,0
711,3201,20260415,20260423,20260423,7,19,3,1-9,Starter,1,Lost,0,644.31,0.0,8,0
712,3202,20260410,20260506,20260506,2,6,4,10-49,Pro,1,Lost,0,1405.85,0.0,26,0
713,3207,20260415,20260429,20260429,3,7,7,1-9,Starter,1,Lost,0,567.25,0.0,14,0
714,3210,20260414,20260423,20260423,4,10,1,1-9,Pro,1,Lost,0,1300.6,0.0,9,0
715,3214,20260408,20260423,20260423,5,14,5,1-9,Starter,1,Won,1,626.78,586.38,15,0
716,3216,20260412,20260603,20260603,6,16,3,50+,Group,3,Lost,0,10079.93,0.0,52,0
717,3218,20260409,20260422,20260422,6,16,5,1-9,Pro,1,Lost,0,1411.71,0.0,13,0
718,3223,20260409,20260427,20260427,6,17,1,1-9,Starter,1,Lost,0,583.72,0.0,18,0
719,3227,20260410,20260623,20260623,2,5,3,50+,Group,5,Won,1,15986.51,14322.33,74,0
720,3236,20260413,20260421,20260421,3,8,1,1-9,Pro,1,Lost,0,1315.01,0.0,8,0
721,3242,20260410,20260609,20260609,4,12,6,50+,Group,4,Lost,0,14996.19,0.0,60,0
722,3251,20260416,20260502,20260502,5,14,1,1-9,Starter,1,Lost,0,620.92,0.0,16,0
723,3254,20260412,20260502,20260502,6,16,6,1-9,Starter,1,Lost,0,603.75,0.0,20,0
724,3256,20260411,20260426,20260426,6,17,2,10-49,Pro,1,Lost,0,1538.14,0.0,15,0
725,3257,20260409,20260502,20260502,6,18,5,10-49,Pro,1,Won,1,1505.13,1401.56,23,0
726,3263,20260418,20260426,20260426,1,1,1,1-9,Starter,1,Won,1,641.51,603.64,8,0
727,3264,20260417,20260508,20260508,1,1,7,1-9,Pro,1,Lost,0,1492.67,0.0,21,0
728,3270,20260418,20260602,20260602,4,10,6,10-49,Starter,1,Lost,0,608.31,0.0,45,0
729,3272,20260414,20260530,20260530,4,10,1,50+,Pro,1,Lost,0,1486.96,0.0,46,0
730,3276,20260412,20260526,20260526,5,14,6,10-49,Pro,1,Won,1,1536.82,1330.68,44,0
731,3277,20260412,20260420,20260420,6,16,2,1-9,Starter,1,Lost,0,629.38,0.0,8,0
732,3282,20260411,20260427,20260427,7,19,4,1-9,Pro,1,Won,1,1544.16,1449.94,16,0
733,3283,20260416,20260515,20260515,7,19,6,10-49,Pro,1,Won,1,1372.01,1306.43,29,0
734,3284,20260411,20260427,20260427,7,19,5,10-49,Starter,1,Lost,0,619.54,0.0,16,0
735,3288,20260412,20260509,20260509,1,3,1,1-9,Pro,1,Lost,0,1507.65,0.0,27,0
736,3297,20260413,20260424,20260424,4,10,4,1-9,Pro,1,Won,1,1374.4,1295.49,11,0
737,3300,20260418,20260521,20260521,5,13,5,50+,Group,2,Lost,0,6482.16,0.0,33,0
738,3307,20260412,20260422,20260422,6,16,4,1-9,Starter,1,Lost,0,628.1,0.0,10,0
739,3308,20260417,20260604,20260604,6,16,1,10-49,Pro,1,Lost,0,1296.66,0.0,48,0
740,3309,20260418,20260610,20260610,6,17,6,10-49,Pro,1,Lost,0,1330.7,0.0,53,0
741,3312,20260415,20260504,20260504,6,17,6,1-9,Starter,1,Lost,0,646.22,0.0,19,0
742,3314,20260415,20260531,20260531,6,18,2,10-49,Starter,1,Won,1,537.6,495.35,46,0
743,3316,20260412,20260521,20260521,7,20,4,10-49,Pro,1,Won,1,1531.5,1479.28,39,0
744,3342,20260416,20260507,20260507,4,12,8,10-49,Pro,1,Lost,0,1342.32,0.0,21,0
745,3343,20260415,,20260415,5,13,1,1-9,Starter,1,Won,1,542.56,517.46,,0
746,3348,20260420,20260504,20260504,6,18,2,1-9,Pro,1,Lost,0,1554.88,0.0,14,0
747,3349,20260414,20260418,20260418,6,18,3,1-9,Starter,1,Lost,0,597.61,0.0,4,0
748,3351,20260412,20260520,20260520,7,20,1,10-49,Pro,1,Lost,0,1490.06,0.0,38,0
749,3359,20260418,20260501,20260501,4,10,7,10-49,Pro,1,Lost,0,1402.4,0.0,13,0
750,3376,20260420,20260429,20260429,4,10,7,1-9,Pro,1,Lost,0,1565.78,0.0,9,0
751,3380,20260414,20260507,20260507,4,11,3,10-49,Pro,1,Lost,0,1434.21,0.0,23,0
752,3386,20260416,20260428,20260428,6,17,1,1-9,Starter,1,Lost,0,578.27,0.0,12,0
753,3388,20260418,20260428,20260428,7,19,4,1-9,Starter,1,Won,1,564.98,511.8,10,0
754,3389,20260418,20260510,20260510,7,20,6,1-9,Pro,1,Lost,0,1398.17,0.0,22,0
755,3399,20260415,20260430,20260430,4,10,3,1-9,Starter,1,Won,1,602.0,611.08,15,0
756,3406,20260423,20260511,20260511,5,14,7,1-9,Pro,1,Lost,0,1516.33,0.0,18,0
757,3407,20260416,20260516,20260516,5,14,3,1-9,Pro,1,Lost,0,1453.1,0.0,30,0
758,3410,20260419,20260518,20260518,6,17,8,1-9,Pro,1,Won,1,1511.99,1447.29,29,0
759,3414,20260420,20260505,20260505,7,21,1,10-49,Pro,1,Won,1,1316.8,1324.22,15,0
760,3417,20260421,20260519,20260519,3,8,3,10-49,Pro,1,Lost,0,1377.88,0.0,28,0
761,3418,20260418,20260502,20260502,3,9,1,1-9,Pro,1,Lost,0,1330.69,0.0,14,0
762,3422,20260423,20260524,20260524,4,10,3,10-49,Pro,1,Lost,0,1318.78,0.0,31,0
763,3423,20260423,20260523,20260523,4,10,3,10-49,Starter,1,Won,1,614.28,555.31,30,0
764,3429,20260419,20260424,20260424,6,16,4,1-9,Starter,1,Lost,0,596.82,0.0,5,0
765,3437,20260422,20260509,20260509,7,21,8,1-9,Starter,1,Won,1,582.29,575.85,17,0
766,3438,20260422,20260508,20260508,7,21,1,1-9,Starter,1,Won,1,606.85,578.09,16,0
767,3442,20260420,20260511,20260511,1,3,1,1-9,Starter,1,Won,1,637.55,591.6,21,0
768,3456,20260420,20260430,20260430,5,13,2,1-9,Starter,1,Won,1,558.06,550.0,10,0
769,3458,20260423,20260505,20260505,5,14,1,1-9,Starter,1,Lost,0,627.4,0.0,12,0
770,3459,20260425,,20260425,6,17,5,10-49,Pro,1,Open,0,1468.53,0.0,,0
771,3461,20260418,20260508,20260508,6,18,6,10-49,Pro,1,Lost,0,1369.71,0.0,20,0
772,3474,20260420,20260506,20260506,4,10,6,10-49,Pro,1,Won,1,1351.52,1330.27,16,0
773,3485,20260426,20260510,20260510,6,16,3,1-9,Pro,1,Lost,0,1508.75,0.0,14,0
774,3487,20260424,20260507,20260507,6,17,7,1-9,Starter,1,Won,1,623.49,591.82,13,0
775,3490,20260422,20260501,20260501,6,17,3,1-9,Starter,1,Won,1,573.79,510.79,9,0
776,3491,20260421,20260509,20260509,6,18,4,10-49,Pro,1,Lost,0,1513.83,0.0,18,0
777,3493,20260422,20260512,20260512,7,20,5,10-49,Pro,1,Lost,0,1396.93,0.0,20,0
778,3494,20260418,20260502,20260502,7,20,2,1-9,Starter,1,Won,1,545.74,511.99,14,0
779,3496,20260421,,20260421,1,1,4,50+,Pro,1,Open,0,1361.5,0.0,,0
780,3497,20260419,20260503,20260503,1,1,8,1-9,Starter,1,Won,1,638.5,583.63,14,0
781,3510,20260423,20260428,20260428,4,11,5,1-9,Starter,1,Lost,0,642.77,0.0,5,0
782,3515,20260424,20260519,20260519,6,16,5,10-49,Group,2,Lost,0,6278.21,0.0,25,0
783,3518,20260421,20260507,20260507,7,21,4,1-9,Starter,1,Lost,0,569.88,0.0,16,0
784,3521,20260428,20260611,20260611,3,7,4,10-49,Pro,1,Lost,0,1509.22,0.0,44,0
785,3527,20260423,20260511,20260511,6,16,1,10-49,Pro,1,Lost,0,1332.34,0.0,18,0
786,3529,20260425,20260608,20260608,6,17,5,50+,Group,2,Lost,0,7628.86,0.0,44,0
787,3537,20260429,20260602,20260602,4,10,1,1-9,Starter,1,Lost,0,577.24,0.0,34,0
788,3541,20260427,20260522,20260522,4,12,1,10-49,Pro,1,Won,1,1479.01,1303.08,25,0
789,3542,20260421,20260618,20260618,4,12,1,50+,Group,4,Lost,0,13042.81,0.0,58,0
790,3552,20260427,20260526,20260526,2,6,4,10-49,Pro,1,Lost,0,1522.35,0.0,29,0
791,3555,20260428,20260618,20260618,3,0,3,1-9,Starter,1,Lost,0,574.62,0.0,51,0
792,3567,20260424,20260502,20260502,5,14,7,1-9,Starter,1,Lost,0,567.96,0.0,8,0
793,3570,20260428,20260517,20260517,7,21,7,50+,Pro,1,Won,1,1516.5,1477.77,19,0
794,3585,20260429,20260514,20260514,5,15,3,1-9,Starter,1,Lost,0,562.62,0.0,15,0
795,3589,20260501,20260504,20260504,6,18,5,1-9,Pro,1,Won,1,1500.05,1518.49,3,0
796,3590,20260424,20260516,20260516,7,19,1,1-9,Pro,1,Won,1,1515.81,1483.85,22,0
797,3591,20260427,20260506,20260506,7,19,7,1-9,Starter,1,Won,1,572.63,527.41,9,0
798,3592,20260427,20260510,20260510,7,19,2,10-49,Group,5,Lost,0,16088.25,0.0,13,0
799,3594,20260501,,20260501,7,20,2,10-49,Pro,1,Open,0,1395.47,0.0,,0
800,3611,20260425,20260529,20260529,4,11,6,10-49,Pro,1,Lost,0,1549.14,0.0,34,0
801,3616,20260426,20260611,20260611,5,15,1,10-49,Pro,1,Lost,0,1534.02,0.0,46,0
802,3619,20260429,20260511,20260511,6,16,8,1-9,Starter,1,Lost,0,589.79,0.0,12,0
803,3620,20260424,20260430,20260430,6,16,7,1-9,Pro,1,Lost,0,1446.66,0.0,6,0
804,3621,20260426,20260630,20260630,6,17,7,50+,Group,3,Won,1,10367.43,9374.82,65,0
805,3628,20260425,20260609,20260609,2,4,1,50+,Group,5,Lost,0,16906.26,0.0,45,0
806,3630,20260426,20260512,20260512,2,5,4,10-49,Pro,1,Lost,0,1304.55,0.0,16,0
807,3640,20260425,20260516,20260516,4,10,3,10-49,Pro,1,Lost,0,1518.57,0.0,21,0
808,3641,20260501,20260601,20260601,4,10,3,50+,Group,4,Won,1,13154.58,13112.17,31,0
809,3648,20260425,20260503,20260503,5,13,3,1-9,Starter,1,Lost,0,607.47,0.0,8,0
810,3649,20260502,20260528,20260528,5,15,4,10-49,Starter,1,Lost,0,591.73,0.0,26,0
811,3651,20260501,20260521,20260521,6,16,2,1-9,Starter,1,Lost,0,586.06,0.0,20,0
812,3654,20260501,20260607,20260607,7,21,8,10-49,Pro,1,Won,1,1337.78,1328.08,37,0
813,3655,20260429,20260509,20260509,7,21,6,1-9,Starter,1,Won,1,536.83,489.84,10,0
814,3665,20260504,20260601,20260601,3,7,3,10-49,Pro,1,Lost,0,1452.81,0.0,28,0
815,3673,20260504,20260518,20260518,6,16,2,10-49,Pro,1,Won,1,1433.22,1321.01,14,0
816,3678,20260428,20260510,20260510,6,17,1,10-49,Pro,1,Lost,0,1555.8,0.0,12,0
817,3680,20260502,20260526,20260526,7,20,8,1-9,Starter,1,Won,1,599.69,543.71,24,0
818,3686,20260504,20260529,20260529,3,8,2,10-49,Pro,1,Lost,0,1535.33,0.0,25,0
819,3687,20260427,20260523,20260523,4,10,6,1-9,Starter,1,Lost,0,599.24,0.0,26,0
820,3689,20260503,20260611,20260611,4,12,3,10-49,Group,3,Won,1,11310.48,10021.94,39,0
821,3694,20260427,20260507,20260507,6,16,1,1-9,Pro,1,Lost,0,1490.82,0.0,10,0
822,3695,20260429,20260512,20260512,6,17,1,10-49,Group,2,Won,1,7270.06,6845.12,13,0
823,3696,20260429,20260524,20260524,6,18,4,10-49,Pro,1,Lost,0,1417.7,0.0,25,0
824,3698,20260501,20260519,20260519,7,20,8,1-9,Starter,1,Won,1,540.06,465.48,18,0
825,3701,20260503,20260605,20260605,2,4,2,10-49,Group,5,Lost,0,15925.72,0.0,33,0
826,3710,20260505,20260520,20260520,4,10,1,1-9,Starter,1,Lost,0,590.42,0.0,15,0
827,3714,20260430,20260525,20260525,4,12,1,10-49,Pro,1,Lost,0,1487.31,0.0,25,0
828,3717,20260428,20260519,20260519,6,16,5,10-49,Pro,1,Lost,0,1432.46,0.0,21,0
829,3723,20260504,20260611,20260611,2,4,8,1-9,Pro,1,Lost,0,1554.29,0.0,38,0
830,3731,20260504,20260614,20260614,4,10,8,10-49,Group,4,Won,1,15146.99,15146.99,41,1
831,3735,20260504,20260626,20260626,4,11,5,50+,Group,3,Lost,0,11423.41,0.0,53,0
832,3744,20260506,,20260506,7,20,5,50+,Group,4,Open,0,12771.23,0.0,,0
833,3746,20260502,20260523,20260523,7,21,1,1-9,Starter,1,Won,1,572.72,572.72,21,1
834,3759,20260505,20260521,20260521,7,19,6,1-9,Starter,1,Lost,0,639.69,0.0,16,0
835,3760,20260507,20260519,20260519,7,19,2,1-9,Starter,1,Won,1,611.84,619.57,12,0
836,3762,20260507,,20260507,7,21,3,50+,Group,2,Open,0,6518.81,0.0,,0
837,3763,20260501,20260519,20260519,1,1,5,10-49,Starter,1,Lost,0,637.16,0.0,18,0
838,3764,20260509,20260605,20260605,1,1,1,10-49,Starter,1,Won,1,573.5,517.36,27,0
839,3769,20260502,20260528,20260528,2,4,4,1-9,Pro,1,Won,1,1467.78,1491.78,26,0
840,3776,20260507,20260531,20260531,3,8,4,1-9,Starter,1,Lost,0,538.11,0.0,24,0
841,3788,20260502,,20260502,6,16,4,50+,Group,5,Open,0,17645.44,0.0,,0
842,3793,20260505,20260608,20260608,6,17,6,1-9,Pro,1,Lost,0,1486.93,0.0,34,0
843,3795,20260510,20260523,20260523,1,1,8,1-9,Starter,1,Lost,0,558.64,0.0,13,0
844,3812,20260504,20260517,20260517,4,11,8,50+,Pro,1,Lost,0,1456.02,0.0,13,0
845,3815,20260504,20260517,20260517,4,12,1,1-9,Starter,1,Lost,0,566.08,0.0,13,0
846,3817,20260503,,20260503,5,13,4,10-49,Pro,1,Open,0,1385.01,0.0,,0
847,3822,20260508,20260604,20260604,6,16,3,50+,Pro,1,Won,1,1550.32,1562.7,27,0
848,3827,20260505,20260513,20260513,6,18,6,1-9,Starter,1,Lost,0,601.83,0.0,8,0
849,3828,20260502,20260514,20260514,7,19,8,10-49,Pro,1,Lost,0,1354.97,0.0,12,0
850,3829,20260503,20260522,20260522,7,20,1,50+,Group,3,Won,1,10977.34,10370.47,19,0
851,3835,20260503,20260602,20260602,3,7,3,50+,Pro,1,Lost,0,1327.96,0.0,30,0
852,3839,20260510,20260615,20260615,4,10,2,50+,Group,5,Won,1,16551.37,14740.8,36,0
853,3840,20260511,20260524,20260524,4,10,3,1-9,Starter,1,Lost,0,635.23,0.0,13,0
854,3843,20260507,20260528,20260528,5,13,1,1-9,Pro,1,Lost,0,1314.47,0.0,21,0
855,3848,20260504,20260512,20260512,6,16,1,1-9,Pro,1,Lost,0,1459.89,0.0,8,0
856,3850,20260509,20260529,20260529,6,16,2,1-9,Starter,1,Lost,0,529.97,0.0,20,0
857,3854,20260511,20260528,20260528,6,17,7,1-9,Starter,1,Lost,0,566.24,0.0,17,0
858,3858,20260509,20260513,20260513,7,21,8,1-9,Starter,1,Lost,0,604.26,0.0,4,0
859,3862,20260504,20260531,20260531,2,4,1,1-9,Starter,1,Won,1,616.63,529.58,27,0
860,3863,20260511,20260625,20260625,2,6,2,50+,Group,5,Lost,0,19116.07,0.0,45,0
861,3871,20260510,20260528,20260528,5,15,4,1-9,Starter,1,Lost,0,539.4,0.0,18,0
862,3884,20260509,20260604,20260604,3,9,5,1-9,Starter,1,Won,1,579.55,572.05,26,0
863,3892,20260507,20260530,20260530,5,13,4,50+,Group,4,Lost,0,14160.04,0.0,23,0
864,3897,20260513,20260527,20260527,6,18,4,1-9,Starter,1,Lost,0,594.51,0.0,14,0
865,3898,20260512,20260606,20260606,7,20,1,10-49,Starter,1,Lost,0,554.54,0.0,25,0
866,3902,20260513,,20260513,1,2,1,10-49,Group,3,Lost,0,10650.81,0.0,,0
867,3919,20260509,20260519,20260519,5,13,8,1-9,Starter,1,Lost,0,569.48,0.0,10,0
868,3920,20260511,20260524,20260524,5,13,4,1-9,Starter,1,Lost,0,609.72,0.0,13,0
869,3928,20260513,,20260513,7,19,5,50+,Pro,1,Open,0,1369.8,0.0,,0
870,3930,20260506,20260517,20260517,7,19,8,1-9,Pro,1,Won,1,1300.88,1127.68,11,0
871,3931,20260514,20260525,20260525,7,20,7,1-9,Starter,1,Lost,0,595.17,0.0,11,0
872,3935,20260508,,20260508,2,4,2,50+,Pro,1,Open,0,1339.77,0.0,,0
873,3936,20260508,20260611,20260611,2,4,6,1-9,Pro,1,Won,1,1323.31,1255.72,34,0
874,3943,20260512,20260524,20260524,4,10,5,1-9,Starter,1,Won,1,585.86,537.04,12,0
875,3944,20260509,20260609,20260609,4,10,1,10-49,Pro,1,Lost,0,1414.77,0.0,31,0
876,3956,20260508,20260529,20260529,5,14,7,10-49,Pro,1,Lost,0,1308.6,0.0,21,0
877,3958,20260511,20260627,20260627,5,15,3,10-49,Pro,1,Lost,0,1367.04,0.0,47,0
878,3961,20260514,20260529,20260529,7,19,1,10-49,Pro,1,Won,1,1292.07,1279.77,15,0
879,3962,20260511,20260614,20260614,7,19,1,50+,Pro,1,Won,1,1345.69,1186.33,34,0
880,3963,20260513,20260531,20260531,7,20,5,1-9,Starter,1,Lost,0,600.08,0.0,18,0
881,3968,20260513,20260602,20260602,2,6,5,10-49,Pro,1,Lost,0,1375.38,0.0,20,0
882,3982,20260511,20260525,20260525,5,13,5,10-49,Pro,1,Won,1,1537.26,1352.93,14,0
883,3984,20260514,,20260514,5,15,3,1-9,Pro,1,Open,0,1406.45,0.0,,0
884,3989,20260510,20260524,20260524,6,16,1,1-9,Pro,1,Lost,0,1323.94,0.0,14,0
885,3991,20260511,20260527,20260527,6,18,1,1-9,Starter,1,Lost,0,541.92,0.0,16,0
886,4000,20260515,20260609,20260609,2,5,1,10-49,Pro,1,Won,1,1404.51,1343.08,25,0
887,4011,20260515,20260526,20260526,4,10,6,10-49,Pro,1,Lost,0,1375.37,0.0,11,0
888,4014,20260515,20260530,20260530,5,13,5,1-9,Starter,1,Won,1,562.91,481.64,15,0
889,4020,20260516,20260610,20260610,6,16,8,50+,Group,5,Won,1,17648.67,16965.97,25,0
890,4022,20260514,20260603,20260603,6,17,8,10-49,Pro,1,Lost,0,1444.05,0.0,20,0
891,4023,20260511,20260519,20260519,6,17,2,50+,Pro,1,Won,1,1462.78,1350.45,8,0
892,4026,20260510,20260601,20260601,7,19,2,10-49,Pro,1,Lost,0,1552.17,0.0,22,0
893,4027,20260509,20260531,20260531,7,20,1,10-49,Pro,1,Lost,0,1466.81,0.0,22,0
894,4028,20260510,20260530,20260530,7,20,8,10-49,Pro,1,Won,1,1535.27,1350.97,20,0
895,4030,20260516,20260523,20260523,7,21,3,1-9,Starter,1,Lost,0,643.02,0.0,7,0
896,4038,20260518,20260521,20260521,4,10,7,1-9,Pro,1,Lost,0,1373.19,0.0,3,0
897,4040,20260510,20260527,20260527,4,11,4,1-9,Pro,1,Lost,0,1440.84,0.0,17,0
898,4045,20260517,20260529,20260529,5,14,2,1-9,Pro,1,Won,1,1321.35,1347.22,12,0
899,4046,20260511,20260528,20260528,6,16,7,50+,Group,5,Won,1,17266.2,16453.54,17,0
900,4056,20260510,,20260510,7,19,7,50+,Group,2,Open,0,7369.76,0.0,,0
901,4057,20260511,20260627,20260627,7,20,7,10-49,Starter,1,Lost,0,560.19,0.0,47,0
902,4058,20260512,20260522,20260522,7,20,4,1-9,Pro,1,Won,1,1348.98,1361.94,10,0
903,4060,20260510,20260602,20260602,7,21,5,10-49,Pro,1,Lost,0,1489.97,0.0,23,0
904,4062,20260513,20260521,20260521,7,21,3,1-9,Starter,1,Lost,0,542.49,0.0,8,0
905,4063,20260515,20260528,20260528,1,1,1,1-9,Starter,1,Won,1,570.46,521.9,13,0
906,4065,20260516,20260616,20260616,1,3,5,10-49,Pro,1,Lost,0,1406.24,0.0,31,0
907,4073,20260518,20260624,20260624,4,10,2,50+,Group,2,Won,1,6488.23,6010.31,37,0
908,4074,20260518,20260609,20260609,4,10,7,1-9,Pro,1,Won,1,1379.7,1314.35,22,0
909,4080,20260511,20260609,20260609,5,14,3,10-49,Pro,1,Won,1,1312.7,1215.0,29,0
910,4081,20260516,20260627,20260627,5,15,3,50+,Group,2,Lost,0,7317.79,0.0,42,0
911,4083,20260515,20260530,20260530,7,19,4,1-9,Pro,1,Lost,0,1367.98,0.0,15,0
912,4085,20260518,20260606,20260606,1,1,1,10-49,Pro,1,Won,1,1411.86,1359.49,19,0
913,4099,20260520,20260528,20260528,5,13,7,1-9,Starter,1,Lost,0,543.49,0.0,8,0
914,4100,20260512,20260516,20260516,5,13,5,1-9,Pro,1,Lost,0,1366.66,0.0,4,0
915,4101,20260518,,20260518,5,13,1,50+,Group,3,Open,0,9653.24,0.0,,0
916,4121,20260513,20260527,20260527,4,12,6,1-9,Pro,1,Won,1,1328.08,1325.36,14,0
917,4129,20260521,20260613,20260613,6,17,5,50+,Group,4,Lost,0,12985.46,0.0,23,0
918,4130,20260515,20260619,20260619,7,19,6,10-49,Starter,1,Lost,0,581.91,0.0,35,0
919,4133,20260514,20260604,20260604,2,4,3,10-49,Pro,1,Won,1,1362.47,1167.11,21,0
920,4134,20260516,,20260516,2,4,8,10-49,Starter,1,Lost,0,530.97,0.0,,0
921,4147,20260522,,20260522,4,12,6,1-9,Starter,1,Open,0,542.93,0.0,,0
922,4153,20260520,20260615,20260615,5,14,3,50+,Group,3,Won,1,10810.77,10350.41,26,0
923,4157,20260517,20260601,20260601,7,21,1,1-9,Pro,1,Won,1,1402.01,1402.58,15,0
924,4159,20260519,20260530,20260530,7,21,7,1-9,Starter,1,Won,1,599.0,547.21,11,0
925,4160,20260519,20260609,20260609,1,1,6,1-9,Starter,1,Won,1,609.92,537.64,21,0
926,4163,20260521,20260617,20260617,2,4,2,1-9,Starter,1,Won,1,549.08,546.59,27,0
927,4178,20260521,20260629,20260629,4,12,6,10-49,Pro,1,Lost,0,1369.25,0.0,39,0
928,4179,20260523,20260612,20260612,5,13,2,50+,Group,2,Won,1,6812.47,6496.62,20,0
929,4180,20260523,20260607,20260607,5,13,6,1-9,Starter,1,Lost,0,626.21,0.0,15,0
930,4182,20260518,20260527,20260527,5,13,2,1-9,Starter,1,Lost,0,549.77,0.0,9,0
931,4183,20260518,,20260518,5,13,8,10-49,Pro,1,Open,0,1407.19,0.0,,0
932,4184,20260519,20260604,20260604,5,13,4,1-9,Starter,1,Lost,0,541.76,0.0,16,0
933,4185,20260516,20260531,20260531,5,14,2,1-9,Starter,1,Lost,0,613.1,0.0,15,0
934,4189,20260519,20260604,20260604,5,15,4,10-49,Group,2,Lost,0,6373.71,0.0,16,0
935,4192,20260519,20260611,20260611,7,19,1,1-9,Pro,1,Lost,0,1412.27,0.0,23,0
936,4195,20260518,20260530,20260530,1,1,2,10-49,Pro,1,Lost,0,1289.38,0.0,12,0
937,4206,20260523,20260611,20260611,4,10,1,10-49,Pro,1,Lost,0,1404.62,0.0,19,0
938,4210,20260521,20260607,20260607,5,14,2,1-9,Starter,1,Lost,0,575.39,0.0,17,0
939,4211,20260519,20260622,20260622,5,14,5,50+,Group,5,Lost,0,16824.64,0.0,34,0
940,4215,20260516,20260610,20260610,6,16,1,10-49,Pro,1,Lost,0,1320.27,0.0,25,0
941,4221,20260525,20260619,20260619,2,4,8,50+,Group,4,Won,1,14487.21,13189.68,25,0
942,4226,20260525,20260606,20260606,4,10,5,1-9,Starter,1,Lost,0,537.38,0.0,12,0
943,4228,20260524,20260605,20260605,4,10,3,10-49,Pro,1,Won,1,1440.2,1324.37,12,0
944,4229,20260525,,20260525,4,12,5,50+,Group,2,Open,0,7384.35,0.0,,0
945,4230,20260522,20260619,20260619,4,12,6,10-49,Starter,1,Lost,0,533.93,0.0,28,0
946,4231,20260525,20260619,20260619,4,12,7,10-49,Group,5,Lost,0,16059.39,0.0,25,0
947,4235,20260525,20260606,20260606,5,13,5,1-9,Starter,1,Won,1,561.74,545.97,12,0
948,4237,20260518,20260610,20260610,5,13,1,1-9,Pro,1,Lost,0,1463.56,0.0,23,0
949,4243,20260519,20260624,20260624,6,17,3,10-49,Starter,1,Won,1,604.71,560.07,36,0
950,4244,20260523,20260618,20260618,7,19,3,1-9,Starter,1,Won,1,551.51,510.59,26,0
951,4247,20260521,20260530,20260530,1,3,4,1-9,Starter,1,Lost,0,628.74,0.0,9,0
952,4254,20260520,20260614,20260614,4,12,2,1-9,Pro,1,Lost,0,1491.84,0.0,25,0
953,4259,20260526,20260608,20260608,6,17,3,1-9,Starter,1,Lost,0,532.63,0.0,13,0
954,4260,20260519,20260602,20260602,7,19,4,1-9,Starter,1,Lost,0,633.74,0.0,14,0
955,4262,20260523,,20260523,7,19,7,10-49,Pro,1,Open,0,1364.35,0.0,,0
956,4263,20260522,20260612,20260612,7,19,7,1-9,Pro,1,Lost,0,1449.07,0.0,21,0
957,4276,20260520,20260608,20260608,5,14,7,10-49,Pro,1,Won,1,1358.65,1330.32,19,0
958,4284,20260526,20260615,20260615,1,3,5,1-9,Starter,1,Won,1,596.9,604.33,20,0
959,4295,20260525,20260617,20260617,4,10,8,1-9,Starter,1,Lost,0,600.78,0.0,23,0
960,4299,20260521,20260526,20260526,4,12,1,1-9,Starter,1,Lost,0,582.33,0.0,5,0
961,4302,20260521,20260609,20260609,5,13,2,1-9,Starter,1,Won,1,635.96,634.06,19,0
962,4304,20260524,20260527,20260527,6,16,1,1-9,Starter,1,Won,1,628.58,595.48,3,0
963,4305,20260525,20260627,20260627,6,17,6,1-9,Starter,1,Lost,0,585.24,0.0,33,0
964,4309,20260522,20260601,20260601,7,19,4,1-9,Starter,1,Won,1,534.19,508.29,10,0
965,4319,20260521,20260608,20260608,4,10,2,10-49,Pro,1,Lost,0,1335.08,0.0,18,0
966,4327,20260522,,20260522,6,17,5,10-49,Starter,1,Open,0,572.44,0.0,,0
967,4329,20260522,20260605,20260605,7,20,5,1-9,Starter,1,Won,1,623.72,532.88,14,0
968,4330,20260527,,20260527,1,1,1,10-49,Pro,1,Open,0,1474.34,0.0,,0
969,4343,20260530,20260603,20260603,4,10,3,1-9,Starter,1,Lost,0,577.91,0.0,4,0
970,4345,20260523,20260527,20260527,4,10,8,1-9,Pro,1,Lost,0,1399.15,0.0,4,0
971,4355,20260530,20260616,20260616,7,21,6,10-49,Group,4,Won,1,13161.05,11321.3,17,0
972,4356,20260523,20260616,20260616,7,21,7,50+,Group,3,Lost,0,10027.06,0.0,24,0
973,4375,20260524,20260624,20260624,4,10,5,1-9,Pro,1,Lost,0,1514.86,0.0,31,0
974,4377,20260529,20260630,20260630,4,10,3,10-49,Pro,1,Lost,0,1476.89,0.0,32,0
975,4384,20260524,20260531,20260531,5,15,4,1-9,Starter,1,Lost,0,563.02,0.0,7,0
976,4386,20260529,20260617,20260617,6,16,5,1-9,Pro,1,Lost,0,1490.1,0.0,19,0
977,4388,20260526,20260619,20260619,6,17,6,10-49,Pro,1,Won,1,1341.02,1210.09,24,0
978,4389,20260523,20260620,20260620,6,17,8,1-9,Starter,1,Lost,0,567.43,0.0,28,0
979,4392,20260528,20260609,20260609,7,20,4,1-9,Starter,1,Won,1,570.89,576.07,12,0
980,4398,20260526,,20260526,2,4,3,50+,Group,4,Open,0,15204.17,0.0,,0
981,4404,20260524,20260616,20260616,3,7,2,10-49,Pro,1,Lost,0,1430.97,0.0,23,0
982,4411,20260601,,20260601,4,11,7,50+,Pro,1,Open,0,1524.41,0.0,,0
983,4412,20260531,,20260531,4,11,7,10-49,Starter,1,Open,0,600.11,0.0,,0
984,4415,20260529,20260610,20260610,5,13,2,1-9,Pro,1,Lost,0,1372.7,0.0,12,0
985,4420,20260530,20260608,20260608,7,20,7,1-9,Starter,1,Won,1,555.74,555.74,9,1
986,4421,20260524,20260604,20260604,7,21,5,10-49,Group,5,Won,1,17766.08,18033.46,11,0
987,4423,20260601,20260608,20260608,1,1,4,1-9,Starter,1,Lost,0,576.4,0.0,7,0
988,4437,20260530,20260621,20260621,6,16,1,1-9,Starter,1,Lost,0,553.4,0.0,22,0
989,4441,20260529,20260613,20260613,6,17,8,1-9,Starter,1,Lost,0,603.97,0.0,15,0
990,4442,20260528,20260618,20260618,1,1,1,1-9,Starter,1,Lost,0,574.86,0.0,21,0
991,4443,20260602,20260626,20260626,2,4,1,10-49,Pro,1,Lost,0,1553.29,0.0,24,0
992,4451,20260526,,20260526,4,10,2,50+,Pro,1,Open,0,1406.72,0.0,,0
993,4457,20260531,20260615,20260615,5,14,1,1-9,Pro,1,Won,1,1501.76,1518.48,15,0
994,4458,20260526,20260611,20260611,5,14,1,50+,Group,3,Won,1,9515.56,9180.74,16,0
995,4459,20260529,20260611,20260611,6,18,1,1-9,Pro,1,Lost,0,1431.98,0.0,13,0
996,4462,20260601,,20260601,7,19,6,10-49,Pro,1,Open,0,1501.52,0.0,,0
997,4463,20260526,20260605,20260605,7,20,6,1-9,Pro,1,Won,1,1520.72,1346.56,10,0
998,4477,20260527,20260604,20260604,6,16,3,1-9,Starter,1,Lost,0,634.76,0.0,8,0
999,4479,20260531,20260630,20260630,6,17,1,10-49,Pro,1,Lost,0,1459.66,0.0,30,0
1000,4498,20260605,20260626,20260626,3,9,6,10-49,Pro,1,Lost,0,1563.54,0.0,21,0
1001,4502,20260602,20260618,20260618,4,11,3,1-9,Starter,1,Won,1,604.53,583.39,16,0
1002,4504,20260530,20260624,20260624,4,11,1,1-9,Pro,1,Lost,0,1563.36,0.0,25,0
1003,4508,20260530,20260622,20260622,5,15,1,1-9,Starter,1,Lost,0,532.4,0.0,23,0
1004,4514,20260602,20260613,20260613,7,19,8,1-9,Starter,1,Won,1,561.46,519.3,11,0
1005,4516,20260530,20260609,20260609,7,19,3,1-9,Starter,1,Lost,0,581.53,0.0,10,0
1006,4517,20260531,20260629,20260629,7,19,6,10-49,Group,2,Lost,0,7062.94,0.0,29,0
1007,4518,20260605,,20260605,7,20,5,10-49,Pro,1,Open,0,1540.94,0.0,,0
1008,4519,20260602,,20260602,7,21,6,10-49,Pro,1,Open,0,1463.99,0.0,,0
1009,4527,20260601,20260611,20260611,4,10,2,1-9,Pro,1,Lost,0,1512.77,0.0,10,0
1010,4529,20260602,20260607,20260607,5,13,1,1-9,Pro,1,Lost,0,1312.28,0.0,5,0
1011,4531,20260605,,20260605,5,13,6,10-49,Pro,1,Open,0,1418.59,0.0,,0
1012,4558,20260602,20260615,20260615,4,11,8,10-49,Pro,1,Lost,0,1420.83,0.0,13,0
1013,4562,20260605,,20260605,5,14,3,10-49,Starter,1,Open,0,543.27,0.0,,0
1014,4579,20260608,20260619,20260619,3,8,1,10-49,Pro,1,Lost,0,1477.98,0.0,11,0
1015,4584,20260608,20260625,20260625,4,10,2,50+,Pro,1,Lost,0,1567.61,0.0,17,0
1016,4586,20260603,20260622,20260622,4,10,6,1-9,Starter,1,Lost,0,559.48,0.0,19,0
1017,4595,20260604,,20260604,5,13,5,1-9,Pro,1,Open,0,1386.65,0.0,,0
1018,4597,20260608,20260622,20260622,5,13,5,10-49,Group,2,Lost,0,6453.18,0.0,14,0
1019,4601,20260608,20260629,20260629,6,17,3,10-49,Pro,1,Won,1,1490.41,1354.39,21,0
1020,4602,20260608,20260620,20260620,6,17,7,1-9,Starter,1,Lost,0,559.53,0.0,12,0
1021,4606,20260606,20260622,20260622,7,19,2,1-9,Starter,1,Won,1,561.22,516.61,16,0
1022,4607,20260603,20260624,20260624,7,20,7,1-9,Starter,1,Lost,0,566.11,0.0,21,0
1023,4622,20260608,,20260608,5,13,7,50+,Group,5,Open,0,18448.99,0.0,,0
1024,4625,20260601,20260615,20260615,7,19,1,1-9,Pro,1,Won,1,1358.49,1290.27,14,0
1025,4626,20260607,20260616,20260616,7,20,1,1-9,Starter,1,Won,1,552.31,534.17,9,0
1026,4627,20260608,,20260608,7,20,8,1-9,Starter,1,Open,0,573.96,0.0,,0
1027,4634,20260606,20260612,20260612,2,4,8,1-9,Pro,1,Lost,0,1348.9,0.0,6,0
1028,4635,20260602,20260620,20260620,2,4,8,1-9,Starter,1,Won,1,540.65,541.87,18,0
1029,4643,20260609,20260629,20260629,3,8,3,1-9,Starter,1,Won,1,642.29,587.71,20,0
1030,4645,20260604,20260611,20260611,4,10,5,1-9,Starter,1,Lost,0,531.35,0.0,7,0
1031,4647,20260606,20260614,20260614,4,11,2,1-9,Pro,1,Lost,0,1446.81,0.0,8,0
1032,4648,20260603,,20260603,5,14,4,10-49,Starter,1,Open,0,594.87,0.0,,0
1033,4649,20260604,20260611,20260611,5,14,2,10-49,Pro,1,Won,1,1528.73,1397.2,7,0
1034,4651,20260607,20260624,20260624,7,19,1,1-9,Starter,1,Lost,0,622.94,0.0,17,0
1035,4653,20260608,,20260608,7,19,1,1-9,Starter,1,Open,0,604.46,0.0,,0
1036,4656,20260602,20260616,20260616,7,20,1,10-49,Group,4,Lost,0,13685.6,0.0,14,0
1037,4659,20260604,,20260604,1,1,1,1-9,Starter,1,Open,0,580.77,0.0,,0
1038,4660,20260610,,20260610,1,2,8,1-9,Starter,1,Open,0,562.57,0.0,,0
1039,4661,20260607,,20260607,1,3,5,1-9,Starter,1,Open,0,605.4,0.0,,0
1040,4673,20260609,,20260609,4,10,2,1-9,Starter,1,Open,0,553.32,0.0,,0
1041,4680,20260609,20260619,20260619,6,16,1,10-49,Pro,1,Won,1,1501.22,1402.07,10,0
1042,4686,20260607,,20260607,1,1,3,1-9,Starter,1,Open,0,582.96,0.0,,0
1043,4687,20260605,20260615,20260615,1,2,3,1-9,Starter,1,Lost,0,603.08,0.0,10,0
1044,4691,20260605,20260624,20260624,3,7,4,10-49,Pro,1,Lost,0,1528.65,0.0,19,0
1045,4699,20260610,,20260610,4,11,5,50+,Group,2,Open,0,6374.16,0.0,,0
1046,4704,20260609,20260630,20260630,5,13,7,1-9,Pro,1,Won,1,1493.93,1501.05,21,0
1047,4705,20260607,20260622,20260622,5,14,3,1-9,Pro,1,Won,1,1299.95,1220.41,15,0
1048,4707,20260608,,20260608,5,14,1,1-9,Starter,1,Open,0,529.86,0.0,,0
1049,4709,20260609,20260622,20260622,6,16,8,1-9,Starter,1,Lost,0,531.82,0.0,13,0
1050,4710,20260605,20260616,20260616,6,17,8,10-49,Pro,1,Won,1,1453.31,1240.47,11,0
1051,4713,20260608,,20260608,7,19,1,50+,Group,4,Open,0,13939.39,0.0,,0
1052,4715,20260612,,20260612,7,19,4,1-9,Starter,1,Open,0,609.33,0.0,,0
1053,4717,20260605,,20260605,1,1,8,10-49,Group,4,Open,0,13443.41,0.0,,0
1054,4721,20260609,20260625,20260625,3,7,3,1-9,Starter,1,Lost,0,569.96,0.0,16,0
1055,4724,20260611,,20260611,4,10,6,50+,Group,4,Open,0,13512.86,0.0,,0
1056,4727,20260610,,20260610,5,13,1,1-9,Pro,1,Open,0,1294.89,0.0,,0
1057,4733,20260606,20260616,20260616,6,17,6,1-9,Starter,1,Lost,0,614.65,0.0,10,0
1058,4735,20260607,20260627,20260627,6,18,3,10-49,Starter,1,Lost,0,646.2,0.0,20,0
1059,4736,20260607,20260617,20260617,7,19,4,1-9,Starter,1,Lost,0,574.14,0.0,10,0
1060,4737,20260612,,20260612,7,19,8,1-9,Pro,1,Open,0,1381.52,0.0,,0
1061,4759,20260607,20260620,20260620,5,13,4,1-9,Pro,1,Lost,0,1334.17,0.0,13,0
1062,4762,20260612,,20260612,5,15,1,10-49,Pro,1,Open,0,1356.55,0.0,,0
1063,4767,20260613,,20260613,6,16,6,10-49,Group,3,Open,0,10898.92,0.0,,0
1064,4770,20260612,,20260612,6,17,1,1-9,Starter,1,Open,0,557.21,0.0,,0
1065,4771,20260608,20260627,20260627,6,17,1,10-49,Pro,1,Lost,0,1373.55,0.0,19,0
1066,4772,20260612,20260627,20260627,7,20,2,10-49,Pro,1,Lost,0,1478.58,0.0,15,0
1067,4773,20260615,20260623,20260623,1,1,1,1-9,Pro,1,Lost,0,1381.78,0.0,8,0
1068,4786,20260611,,20260611,4,11,7,1-9,Starter,1,Open,0,537.57,0.0,,0
1069,4787,20260607,20260624,20260624,4,12,1,1-9,Starter,1,Lost,0,543.93,0.0,17,0
1070,4790,20260610,,20260610,5,13,5,1-9,Starter,1,Open,0,591.26,0.0,,0
1071,4791,20260607,20260629,20260629,5,14,2,10-49,Pro,1,Won,1,1378.53,1264.42,22,0
1072,4792,20260609,20260625,20260625,5,14,6,10-49,Starter,1,Lost,0,535.57,0.0,16,0
1073,4794,20260611,,20260611,6,17,1,10-49,Group,5,Open,0,18307.93,0.0,,0
1074,4796,20260613,,20260613,7,19,4,10-49,Pro,1,Open,0,1466.36,0.0,,0
1075,4811,20260610,20260629,20260629,7,19,7,10-49,Pro,1,Won,1,1481.72,1361.06,19,0
1076,4812,20260610,,20260610,7,20,2,1-9,Starter,1,Open,0,610.05,0.0,,0
1077,4829,20260615,,20260615,4,11,3,10-49,Group,2,Open,0,7096.33,0.0,,0
1078,4832,20260616,20260629,20260629,5,13,7,1-9,Starter,1,Lost,0,577.89,0.0,13,0
1079,4834,20260614,20260624,20260624,5,14,1,1-9,Starter,1,Won,1,586.94,535.96,10,0
1080,4851,20260615,,20260615,4,10,1,50+,Pro,1,Open,0,1446.76,0.0,,0
1081,4861,20260612,20260625,20260625,6,16,8,1-9,Pro,1,Lost,0,1508.56,0.0,13,0
1082,4862,20260612,,20260612,6,16,7,1-9,Starter,1,Open,0,642.95,0.0,,0
1083,4864,20260612,,20260612,7,20,6,10-49,Pro,1,Open,0,1452.91,0.0,,0
1084,4869,20260612,20260628,20260628,7,21,1,10-49,Pro,1,Lost,0,1432.94,0.0,16,0
1085,4871,20260616,,20260616,2,5,4,1-9,Starter,1,Open,0,596.83,0.0,,0
1086,4880,20260619,,20260619,3,7,1,1-9,Pro,1,Open,0,1313.85,0.0,,0
1087,4889,20260611,,20260611,4,10,5,50+,Pro,1,Open,0,1337.49,0.0,,0
1088,4892,20260614,,20260614,5,13,3,1-9,Pro,1,Open,0,1360.62,0.0,,0
1089,4895,20260615,,20260615,5,13,4,1-9,Pro,1,Open,0,1486.79,0.0,,0
1090,4901,20260616,,20260616,7,19,1,10-49,Pro,1,Open,0,1422.74,0.0,,0
1091,4903,20260612,20260618,20260618,7,19,6,1-9,Pro,1,Won,1,1410.59,1205.46,6,0
1092,4917,20260619,,20260619,4,10,5,10-49,Pro,1,Open,0,1353.17,0.0,,0
1093,4918,20260613,,20260613,4,11,4,50+,Group,2,Open,0,6935.32,0.0,,0
1094,4919,20260613,20260625,20260625,4,11,6,10-49,Starter,1,Won,1,628.92,635.53,12,0
1095,4920,20260613,,20260613,4,12,1,1-9,Pro,1,Open,0,1483.59,0.0,,0
1096,4922,20260615,20260628,20260628,4,12,3,10-49,Group,4,Lost,0,14264.01,0.0,13,0
1097,4924,20260612,,20260612,5,13,1,50+,Group,4,Open,0,15015.36,0.0,,0
1098,4930,20260616,20260621,20260621,7,19,1,1-9,Pro,1,Won,1,1457.58,1447.05,5,0
1099,4931,20260616,,20260616,7,19,1,1-9,Starter,1,Open,0,589.01,0.0,,0
1100,4933,20260614,20260628,20260628,1,1,1,1-9,Pro,1,Won,1,1567.96,1575.99,14,0
1101,4941,20260615,,20260615,1,3,6,10-49,Pro,1,Open,0,1296.52,0.0,,0
1102,4943,20260620,,20260620,2,5,6,50+,Group,5,Open,0,16928.43,0.0,,0
1103,4947,20260615,20260628,20260628,3,7,2,10-49,Pro,1,Lost,0,1295.34,0.0,13,0
1104,4952,20260613,20260629,20260629,4,10,1,1-9,Pro,1,Won,1,1322.43,1180.51,16,0
1105,4954,20260616,20260630,20260630,4,12,3,1-9,Pro,1,Won,1,1538.53,1530.96,14,0
1106,4955,20260621,20260624,20260624,5,13,1,1-9,Starter,1,Lost,0,639.18,0.0,3,0
1107,4956,20260619,,20260619,5,13,6,50+,Group,2,Open,0,7023.33,0.0,,0
1108,4963,20260618,,20260618,6,17,5,10-49,Pro,1,Open,0,1508.74,0.0,,0
1109,4965,20260618,,20260618,6,17,8,1-9,Starter,1,Open,0,536.3,0.0,,0
1110,4979,20260619,,20260619,3,9,3,10-49,Pro,1,Open,0,1348.42,0.0,,0
1111,4986,20260620,,20260620,5,14,1,50+,Pro,1,Open,0,1396.69,0.0,,0
1112,4988,20260614,,20260614,6,17,1,10-49,Pro,1,Open,0,1367.49,0.0,,0
1113,4989,20260615,,20260615,6,17,1,10-49,Pro,1,Open,0,1438.75,0.0,,0
1114,4991,20260617,,20260617,7,19,1,10-49,Pro,1,Open,0,1364.08,0.0,,0
1115,4992,20260615,,20260615,1,1,1,10-49,Pro,1,Open,0,1540.51,0.0,,0
1116,4993,20260617,,20260617,1,2,6,10-49,Starter,1,Open,0,542.58,0.0,,0
1117,4994,20260620,,20260620,2,4,6,1-9,Starter,1,Open,0,574.78,0.0,,0
1118,4995,20260616,,20260616,2,6,2,50+,Group,4,Open,0,14474.1,0.0,,0
1119,5009,20260617,,20260617,5,13,2,10-49,Starter,1,Open,0,562.99,0.0,,0
1120,5011,20260615,,20260615,6,16,3,10-49,Pro,1,Open,0,1459.79,0.0,,0
1121,5012,20260621,20260626,20260626,6,16,5,1-9,Pro,1,Won,1,1404.43,1425.99,5,0
1122,5014,20260623,,20260623,6,17,7,1-9,Starter,1,Open,0,564.7,0.0,,0
1123,5015,20260623,,20260623,6,18,5,10-49,Pro,1,Open,0,1422.98,0.0,,0
1124,5018,20260618,20260626,20260626,7,19,1,10-49,Pro,1,Lost,0,1371.86,0.0,8,0
1125,5020,20260620,20260630,20260630,7,19,2,1-9,Starter,1,Lost,0,576.55,0.0,10,0
1126,5025,20260621,,20260621,1,1,7,10-49,Pro,1,Open,0,1288.7,0.0,,0
1127,5037,20260617,20260625,20260625,6,16,5,1-9,Starter,1,Won,1,600.19,609.3,8,0
1128,5041,20260622,,20260622,7,19,3,10-49,Starter,1,Open,0,573.87,0.0,,0
1129,5042,20260617,,20260617,7,21,5,1-9,Starter,1,Open,0,641.52,0.0,,0
1130,5054,20260619,,20260619,5,15,4,10-49,Pro,1,Open,0,1542.83,0.0,,0
1131,5056,20260619,,20260619,6,16,8,50+,Group,4,Open,0,14114.96,0.0,,0
1132,5058,20260619,,20260619,6,17,5,1-9,Pro,1,Open,0,1558.0,0.0,,0
1133,5061,20260618,,20260618,7,19,6,10-49,Pro,1,Open,0,1350.14,0.0,,0
1134,5062,20260617,,20260617,7,20,1,10-49,Pro,1,Open,0,1326.51,0.0,,0
1135,5064,20260626,,20260626,2,4,1,50+,Pro,1,Open,0,1499.09,0.0,,0
1136,5068,20260619,20260629,20260629,3,8,7,10-49,Pro,1,Lost,0,1454.07,0.0,10,0
1137,5073,20260619,,20260619,4,12,6,1-9,Pro,1,Open,0,1447.58,0.0,,0
1138,5077,20260625,,20260625,5,14,2,1-9,Starter,1,Open,0,581.29,0.0,,0
1139,5081,20260625,,20260625,6,17,5,50+,Group,5,Open,0,16398.49,0.0,,0
1140,5082,20260624,,20260624,6,17,1,10-49,Pro,1,Open,0,1500.06,0.0,,0
1141,5083,20260625,,20260625,6,17,7,1-9,Pro,1,Open,0,1480.63,0.0,,0
1142,5084,20260621,20260628,20260628,7,19,8,1-9,Starter,1,Won,1,627.01,547.08,7,0
1143,5085,20260626,,20260626,7,19,4,1-9,Starter,1,Open,0,575.05,0.0,,0
1144,5099,20260627,,20260627,4,12,2,10-49,Starter,1,Open,0,619.35,0.0,,0
1145,5102,20260626,,20260626,5,14,3,50+,Group,2,Open,0,7187.39,0.0,,0
1146,5103,20260622,,20260622,5,15,1,1-9,Starter,1,Open,0,550.68,0.0,,0
1147,5111,20260621,20260625,20260625,7,19,2,1-9,Starter,1,Lost,0,611.46,0.0,4,0
1148,5123,20260625,20260629,20260629,4,11,6,1-9,Starter,1,Won,1,609.88,542.31,4,0
1149,5137,20260625,,20260625,7,19,8,10-49,Group,2,Open,0,6412.9,0.0,,0
1150,5147,20260629,,20260629,4,10,1,10-49,Pro,1,Open,0,1525.8,0.0,,0
1151,5153,20260623,,20260623,5,13,1,1-9,Starter,1,Open,0,636.35,0.0,,0
1152,5154,20260625,,20260625,5,13,3,1-9,Starter,1,Open,0,575.05,0.0,,0
1153,5156,20260626,,20260626,5,14,5,10-49,Group,4,Open,0,12950.73,0.0,,0
1154,5159,20260621,,20260621,6,17,1,10-49,Group,2,Open,0,6401.46,0.0,,0
1155,5160,20260624,,20260624,6,17,3,1-9,Starter,1,Open,0,600.09,0.0,,0
1156,5163,20260623,,20260623,7,21,3,10-49,Starter,1,Open,0,596.25,0.0,,0
1157,5179,20260630,,20260630,6,16,1,10-49,Pro,1,Open,0,1427.81,0.0,,0
1158,5180,20260630,,20260630,7,20,4,1-9,Starter,1,Open,0,533.13,0.0,,0
1159,5182,20260629,,20260629,2,5,1,10-49,Starter,1,Open,0,533.74,0.0,,0
1160,5183,20260629,,20260629,2,6,3,10-49,Starter,1,Open,0,628.47,0.0,,0
1161,5193,20260624,,20260624,5,13,6,1-9,Starter,1,Open,0,592.84,0.0,,0
1162,5197,20260626,,20260626,6,16,1,1-9,Starter,1,Open,0,611.53,0.0,,0
1163,5201,20260629,,20260629,7,19,1,1-9,Starter,1,Open,0,595.7,0.0,,0
1164,5202,20260625,,20260625,7,19,5,10-49,Pro,1,Open,0,1504.88,0.0,,0
1165,5203,20260625,,20260625,7,20,3,1-9,Pro,1,Open,0,1540.53,0.0,,0
1166,5204,20260630,,20260630,7,20,6,10-49,Pro,1,Open,0,1430.13,0.0,,0
1167,5205,20260626,,20260626,7,21,5,1-9,Starter,1,Open,0,603.51,0.0,,0
1168,5207,20260628,,20260628,1,1,7,1-9,Starter,1,Open,0,534.18,0.0,,0
1169,5222,20260629,,20260629,4,10,3,1-9,Pro,1,Open,0,1476.61,0.0,,0
1170,5223,20260624,,20260624,4,11,3,1-9,Starter,1,Open,0,563.93,0.0,,0
1171,5228,20260701,,20260701,5,13,1,10-49,Pro,1,Open,0,1418.12,0.0,,0
1172,5229,20260628,,20260628,5,14,3,1-9,Starter,1,Open,0,544.43,0.0,,0
1173,5239,20260624,,20260624,7,19,8,10-49,Group,5,Open,0,18653.55,0.0,,0
1174,5240,20260627,,20260627,7,20,3,1-9,Pro,1,Open,0,1548.45,0.0,,0
1175,5241,20260701,,20260701,7,20,7,10-49,Pro,1,Open,0,1544.24,0.0,,0
1176,5261,20260630,,20260630,5,13,5,50+,Group,4,Open,0,14613.45,0.0,,0
1177,5267,20260701,,20260701,6,17,1,1-9,Starter,1,Open,0,627.76,0.0,,0
1178,5269,20260701,,20260701,7,20,6,1-9,Pro,1,Open,0,1448.32,0.0,,0
1179,5270,20260626,,20260626,2,4,5,1-9,Pro,1,Open,0,1552.71,0.0,,0
1180,5279,20260630,,20260630,3,8,7,1-9,Starter,1,Open,0,606.51,0.0,,0
1181,5282,20260628,,20260628,3,8,1,1-9,Pro,1,Open,0,1548.05,0.0,,0
1182,5292,20260628,,20260628,5,13,1,1-9,Starter,1,Open,0,603.38,0.0,,0
1183,5294,20260629,,20260629,5,14,2,1-9,Starter,1,Open,0,574.84,0.0,,0
1184,5300,20260627,,20260627,7,19,2,1-9,Starter,1,Open,0,642.51,0.0,,0
1185,5302,20260704,,20260704,7,19,3,10-49,Pro,1,Open,0,1535.55,0.0,,0
1186,5305,20260703,,20260703,1,1,2,10-49,Pro,1,Open,0,1371.65,0.0,,0
1187,5321,20260701,,20260701,5,13,4,10-49,Pro,1,Open,0,1327.67,0.0,,0
1188,5324,20260704,,20260704,5,14,5,1-9,Starter,1,Open,0,530.16,0.0,,0
1189,5330,20260702,,20260702,7,21,2,10-49,Group,2,Open,0,7465.28,0.0,,0
1190,5333,20260703,,20260703,2,5,5,50+,Group,4,Open,0,12594.84,0.0,,0
1191,5334,20260701,,20260701,2,5,1,50+,Group,4,Open,0,14145.65,0.0,,0
1192,5349,20260703,,20260703,4,10,2,10-49,Pro,1,Open,0,1314.79,0.0,,0
1193,5350,20260703,,20260703,4,10,5,1-9,Starter,1,Open,0,614.54,0.0,,0
1194,5352,20260629,,20260629,4,11,6,50+,Group,5,Open,0,17620.7,0.0,,0
1195,5353,20260705,,20260705,4,11,1,1-9,Pro,1,Open,0,1331.34,0.0,,0
1196,5354,20260701,,20260701,4,12,4,10-49,Pro,1,Open,0,1387.06,0.0,,0
1197,5360,20260702,,20260702,6,17,1,1-9,Starter,1,Open,0,560.95,0.0,,0
1198,5363,20260703,,20260703,7,19,5,10-49,Pro,1,Open,0,1428.88,0.0,,0
1199,5366,20260706,,20260706,7,21,7,1-9,Starter,1,Open,0,613.15,0.0,,0
1200,5367,20260705,,20260705,1,1,1,1-9,Starter,1,Open,0,561.71,0.0,,0
1201,5371,20260704,,20260704,1,3,5,1-9,Starter,1,Open,0,537.58,0.0,,0
1202,5381,20260706,,20260706,4,10,2,1-9,Starter,1,Open,0,596.2,0.0,,0
1203,5388,20260706,,20260706,5,14,7,1-9,Pro,1,Open,0,1379.83,0.0,,0
1204,5391,20260703,,20260703,5,15,1,10-49,Starter,1,Open,0,586.68,0.0,,0
1205,5405,20260701,,20260701,3,9,2,1-9,Starter,1,Open,0,588.63,0.0,,0
1206,5408,20260704,,20260704,4,10,1,10-49,Pro,1,Open,0,1418.85,0.0,,0
1207,5415,20260708,,20260708,6,16,8,1-9,Starter,1,Open,0,594.23,0.0,,0
1208,5420,20260701,,20260701,7,21,6,10-49,Pro,1,Open,0,1562.04,0.0,,0
1209,5426,20260703,,20260703,3,9,5,10-49,Starter,1,Open,0,627.85,0.0,,0
1210,5427,20260708,,20260708,4,10,2,1-9,Starter,1,Open,0,622.87,0.0,,0
1211,5433,20260703,,20260703,4,11,7,10-49,Starter,1,Open,0,578.95,0.0,,0
1212,5439,20260704,,20260704,5,14,1,10-49,Pro,1,Open,0,1487.94,0.0,,0
1213,5442,20260701,,20260701,6,16,5,50+,Group,3,Open,0,11368.05,0.0,,0
1214,5444,20260708,,20260708,6,17,3,1-9,Pro,1,Open,0,1292.36,0.0,,0
1215,5447,20260709,,20260709,7,19,6,50+,Group,3,Open,0,11057.23,0.0,,0
1216,5448,20260705,,20260705,7,19,2,1-9,Pro,1,Open,0,1527.96,0.0,,0
1217,5449,20260707,,20260707,7,21,7,10-49,Pro,1,Open,0,1295.18,0.0,,0
1218,5458,20260707,,20260707,2,6,3,10-49,Group,5,Open,0,15893.63,0.0,,0
1219,5470,20260709,,20260709,5,13,5,1-9,Starter,1,Open,0,576.71,0.0,,0
1220,5473,20260703,,20260703,6,16,5,1-9,Starter,1,Open,0,629.66,0.0,,0
1221,5479,20260710,,20260710,7,20,5,50+,Pro,1,Open,0,1494.6,0.0,,0
1222,5480,20260707,,20260707,7,20,6,1-9,Starter,1,Open,0,546.3,0.0,,0
